6.561542138291195,0.8658903907653437,-1
2.6359943983100687,9.093457400891657,1
6.038248609853138,5.8728209190093335,1
4.47905287331681,9.75569605971902,1
6.057605769792042,3.8499751918162395,-1
1.081441024216373,7.073599803903301,-1
5.611071945582696,3.1032341440490683,-1
9.566709227620208,7.6257794601576805,1
9.382490308859667,6.565233521289428,1
9.425649731906068,5.199408771760917,1
1.5698415496378348,6.698048771315688,-1
1.9385551596973516,1.9919754128891864,-1
1.4932539472930106,5.445767029020681,-1
3.436355308083663,9.215347636745605,1
0.5999379382562786,0.14691078063998164,-1
1.097214276072278,3.833037818412622,-1
8.573792324818964,1.1325337649641387,-1
2.1695470402685135,5.015267639653449,-1
7.697653187352134,8.683266091980883,1
3.435193436654549,3.225243011514385,-1
5.26041450826603,0.9300715957761796,-1
1.643873971723645,5.601060228325709,-1
5.564880953595575,4.545485235107299,1
0.47451303177061144,4.932004432893797,-1
4.869618168905009,0.7339541989841125,-1
4.778250333517632,3.6388502332315973,-1
3.3885882643228147,5.983060057405536,-1
9.917869479672364,0.2229996343110352,1
1.6387948018218368,3.626236801877878,-1
7.470800700632832,7.632615056479274,1
6.143637195012946,1.2630796186866255,-1
3.4333121774804276,8.13465621582315,1
2.139216617500023,6.462755043669195,-1
9.966502372405273,4.3015990429563145,1
7.0628020278285275,5.174259657342056,1
5.121845576532264,4.034868080462016,-1
3.7179180165394623,8.973298943056458,1
9.583714839839416,3.9305816107996905,1
3.0780625422431607,8.401577224540606,1
3.9292818114127224,6.313820139759802,1
3.0996577790880355,0.5417750991220449,-1
3.5255222360801355,5.077508229007851,-1
3.9760100050985905,0.4354722706325398,-1
5.807519215227992,8.33001643627839,1
2.5953340741390765,1.2755379806081657,-1
5.7654244260073515,0.007058520128143675,-1
5.9196243279526595,1.4691865072818489,-1
8.034166017049765,3.7088196414768992,1
7.504471301852709,2.2338444566711892,-1
1.3378725374277567,5.721470949351354,-1
4.524634420874677,4.423552764179539,-1
1.5892414991541226,8.448626484689983,1
4.508744752605086,2.2331849395485737,-1
3.020772416790712,4.813922724642069,-1
6.175971077343384,6.373488067345729,1
1.80845056974402,8.333454321601469,1
8.891023542132123,5.9576882103891435,1
0.9533435136936907,7.710836235171769,-1
2.1411948012770243,9.5917612788817,1
8.02672937216517,4.258805485909875,1
5.7542891824100035,5.481492617371372,1
5.662701161689061,1.9931229162419928,-1
8.367836821765492,1.0293114127455982,-1
7.279611957935747,9.689903795305405,1
8.824823170798656,1.2871486577462243,1
4.695737714070782,5.452782407631595,1
7.085773212203149,7.858278257091782,1
5.301193722876594,0.24171782194546187,-1
9.177359047868935,3.250903902993807,1
7.498535212395453,8.66464577754812,1
4.908250058401799,9.645368828994052,1
3.0775714988632963,7.09605109524392,1
3.9909244075776042,3.7840671421686514,-1
7.671365140256555,6.304810937408604,1
5.61160756304152,5.385951122848526,1
3.0402737924328482,2.934525149766362,-1
3.322065723838067,3.6453581195261044,-1
4.49467886165277,6.035246673360834,1
5.6614494907909,9.444908293401621,1
4.813362732241277,6.664547705636858,1
1.1884625069569177,5.079042054731884,-1
1.0377302723525939,4.695190428250892,-1
3.4608311503438918,1.8931610771944618,-1
3.0504940623759547,2.7856972955078065,-1
4.856348031444606,2.8253928904754133,-1
1.6462345474886086,2.105579273995446,-1
2.3271083433503206,2.997467316373834,-1
5.467204918914492,2.5026656178364903,-1
8.636411094066897,1.8715747824632445,1
2.102855771469645,5.391885108951145,-1
1.78966198500349,5.553701289126175,-1
5.703744236628589,6.563514467818326,1
4.865042838130986,1.934455088647803,-1
1.448113344450065,9.304242436261571,1
0.32603550157565997,7.725112766467017,-1
1.7276560861184243,1.2897779929366715,-1
7.655023933957921,8.836146041737633,1
2.339863815039579,5.574512896945649,-1
3.1422370746029094,3.6054597886000828,-1
6.097027158401753,4.93720538707171,1
5.7774969115324515,7.707673162130425,1
2.9568556180591585,8.992701103502682,1
5.681399072539179,3.477310753180929,-1
0.7928057123130816,3.166359063384884,-1
6.125887048747507,4.008631132489263,1
1.9409497705683942,3.3443086467655894,-1
0.8988426607301536,3.0020528276129377,-1
0.6590682283091653,4.300651707700726,-1
2.6076234239569396,2.7176118777105973,-1
0.9624389450395832,7.50137991965162,-1
3.685837280943481,7.45641859649799,1
2.912546487126396,4.8571306257449285,-1
9.035333503880626,2.6218067097349795,1
5.018239949699441,2.460890800335064,-1
9.720857059252193,8.64161006168094,1
5.686290112679076,9.653552759831683,1
1.7469299764412693,9.888495357869607,1
1.5386656645059371,9.810412498973491,1
0.8124319634170374,3.097506875116911,-1
6.236042983664925,8.094544086047627,1
6.289142863598803,4.224155809127362,1
0.08052552056350137,4.755346668761085,-1
8.084991399592008,7.249476549013152,1
0.3486027203435782,9.387844547534325,-1
6.039196367367282,2.9069457289231417,-1
9.14857973733011,1.587182231651737,1
0.6328714831900351,0.6716030693128994,-1
9.083852335671823,8.326019613485153,1
3.913506810845222,4.750081333373636,-1
8.032060221379021,4.426454425229991,1
9.971677368941947,4.412114885993129,1
4.6200057910155445,5.654337723250901,1
7.060390336953304,9.65994968509323,1
9.846647244281638,3.66369292636504,1
7.1071782833909,9.040659492956982,1
4.231893658617885,1.1133504363003421,-1
0.8917838911393672,5.79350798142169,-1
9.315343322674114,3.1617752591236226,1
7.642893614520476,0.5143176079505218,-1
8.594430739859536,8.209719515674022,1
1.0401097928370417,3.299672356275053,-1
5.55224612639413,8.358737066972337,1
6.675400715239968,9.24344369499017,1
2.9493528112591596,1.1610549418667082,-1
9.877222640885906,2.221066268808852,1
2.510290651499909,3.4599311596920392,-1
6.3794383541616275,6.863592931535758,1
3.9901166625440707,3.547017728120535,-1
1.4148748995845783,1.9560991105518577,-1
8.052697064079624,4.850392809820069,1
8.052478076618169,1.8715677568818312,-1
3.4000403864829454,0.20844429113711205,-1
4.823184618748046,5.438810544194074,1
0.149443531908392,1.235059772899899,-1
2.210684521643328,5.723798046402601,-1
0.7707229477396538,9.137269517980167,-1
7.074354576034222,7.372231988215488,1
6.898992616671531,1.9788169444789117,-1
0.29941228475216186,3.1321445948138993,-1
8.634441774526376,8.408102150025284,1
8.359063037382406,3.718743267262341,1
7.757972869500427,3.676130204002992,1
9.271016742043992,6.512796439071495,1
6.122195685970356,7.574494198481668,1
4.6550812993335935,4.538713318715396,-1
4.027124980698265,7.06649534884127,1
3.8921416816546275,2.147825008817512,-1
2.347608236596238,6.213545216934156,-1
2.135183121102997,0.15464932189376723,-1
8.345636689488158,8.712159555433509,1
1.1555269130750057,0.1456793113136634,-1
7.628949095992165,4.095146477330816,1
0.8392745848979766,4.228647268526591,-1
0.47748614160678104,5.095674941317663,-1
3.5308254088513835,5.5017599118462694,-1
1.9704902124751045,7.390503383710378,-1
6.6128318649714295,5.371330393638894,1
4.1864567638812655,6.848816540272104,1
2.9199202349972966,9.49119095922285,1
3.834580327461863,0.3045356722278547,-1
3.086490472990382,3.9497812707159996,-1
2.0972014236028667,8.145544405842575,1
8.76745747536668,2.330369693621246,1
6.929063960329987,6.243471779736527,1
2.33926615263252,4.494245022990642,-1
9.354033266064409,6.458767761056151,1
3.270610795367086,4.4785876936941555,-1
2.2391855744110964,9.914856741671363,1
2.697196111642487,5.44081497364648,-1
1.79353673940022,4.221543614518587,-1
4.747338089782392,3.7147426779334847,-1
0.2668948868331622,8.914984772365196,-1
9.424813744054866,4.028544640315914,1
3.4916527820974164,1.5021293564442961,-1
2.0016554195464185,1.8631885993559982,-1
4.400392230012827,5.673383896097603,1
6.644277268678317,9.250507596215197,1
2.5094748463439274,7.771862916480665,1
2.5733365258740615,1.2325649754162893,-1
5.980019648390844,2.1073659137258627,-1
9.27248860465178,6.8183563599403545,1
1.8441366529644054,6.530684914005027,-1
5.002610010771792,9.572094777688822,1
8.352598417349418,5.573757929527914,1
9.586340439992428,3.392747412516278,1
5.719389008604676,3.923583801198063,-1
9.76378383184809,8.613634227895313,1
4.601533793384503,5.987738068201825,1
1.9679725466066889,9.53216382306291,1
4.067552318876362,6.828331134920003,1
6.638600238975068,1.6255125737570786,-1
5.016383823966603,1.907207986157361,-1
8.244150485450097,3.736756994334418,1
9.849207527376189,2.371213405136884,1
8.262431605649066,8.375364510105882,1
7.658627886411004,9.712893148776633,1
9.73918028212681,8.877331988285775,1
1.6377152109718796,3.732071865192302,-1
7.134599714558241,0.02753633705114278,-1
8.195229217958014,1.711973853017159,-1
4.578064529641532,9.71241032717026,1
1.249718025930493,0.9288104620941473,-1
9.941229061135267,6.640060194953913,1
3.477062312330428,7.249137294082468,1
0.5347756215178423,1.042050040322835,-1
5.934220046751616,3.6515955868597527,-1
1.343646470494353,2.5238660849038217,-1
6.891160658646531,6.142873678988026,1
9.819718676135311,9.224324324718046,1
7.107138171036481,4.494694439303401,1
5.384028752799132,2.6545285110990937,-1
7.467076348211434,3.7467555698647037,1
9.65195598862341,7.105397868446567,1
3.638670103952857,6.613099753952932,1
4.148674468039734,7.300406849196212,1
9.634123008025501,6.7243584316882234,1
5.338333326304616,5.416916177726032,1
2.805947230155735,1.3710766186748191,-1
3.860356566361366,7.780563177101848,1
0.7203424377358991,4.171637224375275,-1
2.861350579420574,4.799323304683069,-1
0.34956441523695814,5.429969183616398,-1
7.595007187306775,2.4054794405597058,1
7.149551488441289,7.642717703840042,1
2.089761621167492,6.348438848321467,-1
6.8855124152401235,5.370669019282733,1
3.6129853475592766,3.1522691403610104,-1
2.181265711349308,8.765562292818542,1
1.0839572845751066,8.385865147886708,-1
4.935608240530213,2.162741411624057,-1
4.469224181639663,3.260569474252976,-1
7.44285953785467,5.562474311615188,1
0.21457084344206567,2.986781468992329,-1
7.2241954726027675,3.545882588338105,1
1.4447780751859052,8.870226404371056,1
7.177680183176797,0.546417598902188,-1
4.949101830259691,2.160128689394928,-1
9.64759712876677,8.960235209167251,1
2.565035059914952,8.927617549299041,1
6.810751422582156,6.348202787296601,1
5.7121564972436465,0.6630636588391359,-1
9.215923536212859,4.837203555515513,1
9.483185952834912,7.719530729320036,1
3.7004601947543136,9.926037436681645,1
2.87846513995342,2.442281548007971,-1
7.119524067700409,3.542518765679344,1
9.91840020445282,9.796195408978761,1
6.723964118337275,1.6101542512705003,-1
1.3644913817683402,3.1712151865898717,-1
6.579142350670729,2.583601761816766,-1
6.827180141886956,4.534326597734218,1
8.871956996237023,7.347900642910798,1
0.053994851910754704,8.724322280766001,-1
3.972854663845087,3.354171080354104,-1
4.753686543815827,9.01023698676402,1
3.0438276483213755,8.55230078838533,1
4.384891406985818,2.9062242639045865,-1
4.661657271463523,6.822862247426329,1
1.9470910112434803,8.653949882550148,1
3.6716756369822057,2.39720397961222,-1
1.075693328174172,5.461326645817214,-1
0.6286409012606808,4.285029407062205,-1
4.798002494135885,5.489945703544937,1
6.299274319013954,4.813586862500583,1
9.28665527145755,6.781215964113629,1
7.408931703111248,9.246939577368451,1
7.471271053566357,7.407853311467429,1
4.3545369178881055,4.708359425861191,-1
1.6432407957352657,7.861380790215859,-1
9.708751710973889,4.275159119210674,1
0.7932706636664255,6.24171271487179,-1
6.707268092564239,0.22565202021279984,-1
5.246704846592758,2.8855063407590285,-1
5.063104543713749,5.429553512033982,1
5.347039157945853,3.844153394613117,-1
3.9131368902579577,2.257949319156128,-1
9.550525599406313,1.518157949241945,1
4.913162869243259,3.143251131977558,-1
2.030760862251179,9.668080713258576,1
5.837950127286936,3.3354263833631603,-1
4.8948940108035774,0.6153483519924408,-1
8.97402802971459,1.6008075712825964,1
5.290465921863278,2.8023100613978147,-1
4.913259743650899,3.8023154823726513,-1
0.9897553375653212,7.598001997005319,-1
1.109774585117006,3.5200009420374343,-1
3.382919336085357,8.90946235409859,1
5.495030583212395,6.18631291262357,1
5.437564183046617,2.7736166684411567,-1
8.817198150386021,5.721936457294751,1
7.764222278495396,2.7769709675078036,1
3.244968524996744,9.456915149750637,1
4.060376671018373,1.1176794373943122,-1
3.6946693748292603,4.423032519063211,-1
5.696429270735108,4.003304628304588,-1
7.509210968279402,6.5841344745236885,1
5.2771265968042655,2.389596637836914,-1
0.45001184907764835,7.648312398230502,-1
9.796457191531704,8.11128127925623,1
9.289347542897646,2.0642093686561145,1
7.494883178426236,6.843002058657094,1
7.315187661366913,1.8610515894753632,-1
9.27829701113042,0.2546934258080602,-1
3.9620127795683766,8.909293592699896,1
0.9958251169742083,6.877421557050156,-1
5.768030603802269,6.476806594442993,1
9.563848601731259,1.3311822264221984,1
7.9937054567251575,0.5700723937256913,-1
6.034366018859752,0.31195128905415426,-1
8.447829360799862,3.2189691841669585,1
0.07514774260835688,4.155618683045608,-1
6.110584390476939,2.6668330294442075,-1
5.58297617252256,6.562324681232422,1
3.578345214042331,9.128376094967138,1
1.5710008884936189,5.437949466562068,-1
3.845612511128241,7.971062569503832,1
7.082105177400061,0.3893627869173888,-1
6.9932626444659505,0.7005293844165306,-1
2.2169551590762113,3.2372461496447102,-1
8.185373509583405,3.6148699260636787,1
3.1486579015990337,6.36052456098847,-1
3.492782600624289,5.100477286850092,-1
0.13280760604337027,1.6084371836267075,-1
7.693116785602588,5.750071683415335,1
9.223001765816178,8.499708888698322,1
0.5264699390589134,6.41806412239026,-1
9.808568738857721,3.2895469577597347,1
7.279807319851425,6.081673546107488,1
4.211826075012355,0.8042816838928402,-1
3.2822297738037642,2.4286266730693096,-1
0.774925994368828,6.250694305396377,-1
2.3084600067735717,0.19456078174545421,-1
0.9569433845704212,8.638050766224373,-1
9.311559790113256,1.0630723989962798,1
8.110213654668721,2.869561815032926,1
6.714242275062375,3.7801963027778873,1
8.624759923706844,4.706000417346551,1
2.6044286851288923,2.9172679367954277,-1
4.388781599295214,1.6691021624433433,-1
0.5654154384235055,7.824855148618745,-1
0.0006886895531788007,7.2460011344638176,-1
9.066418253799775,4.628510713436544,1
0.8686386269367496,5.324468444714188,-1
2.133753476723669,0.23436417635282258,-1
5.788121188782643,7.175466246669719,1
8.108267104799188,5.5052867016610065,1
5.0724423979266495,3.7219864800504645,-1
9.447287167843637,3.8333825514074404,1
4.147188862343258,0.28681832155881937,-1
9.900301026156317,1.7639699706019663,1
5.57275465586545,1.4452311439345156,-1
5.94286055306585,0.59981482036225,-1
2.3422783264441325,0.6266900780013795,-1
4.273563723836836,3.0977415100605663,-1
7.242651986024412,2.169904004153569,-1
1.3573308387660121,5.744644691525105,-1
0.0934379346702563,1.4598684419536778,-1
3.30282666928598,7.920683423951839,1
4.017970167727343,3.8739079386110156,-1
0.8011332916509684,6.1158520848341515,-1
3.904449105932674,1.2611391141689576,-1
6.925545111030326,1.5600888881939223,-1
8.914296555052845,8.570153064730512,1
6.1978820532034735,6.053758137302475,1
4.906913942434208,1.1441278249077547,-1
2.8633186957209356,3.713960037351135,-1
4.294946533228624,2.6360205708926276,-1
7.792165412386803,5.379409487438528,1
1.94989123390936,9.753869233874482,1
3.258440320972942,2.60417688881895,-1
6.17100169279337,1.179782511933386,-1
0.5021763937994017,9.733184401305309,1
4.8537279977589,1.6682177258943143,-1
8.788511418504362,8.767837156539409,1
7.651942050818167,9.544271612826678,1
1.3638348561452085,2.8526770450446315,-1
7.758515923816414,7.197774768467026,1
7.771334941634851,4.1619975836269205,1
7.269573813413929,6.474426564454063,1
9.978710625268391,6.287195084320802,1
4.5265261618998265,3.9826095236350967,-1
6.999629376647834,9.072560195253788,1
9.171208494867392,5.9881345508477635,1
6.676772869435768,4.331916669322938,1
6.010373992018047,7.733887182900938,1
7.838361118921286,4.682558092274417,1
7.249305753019417,2.657877314055841,-1
4.648407709570051,5.39263384087596,1
0.4008376690557358,4.361664549631272,-1
1.347408434981896,4.569935407659842,-1
9.985575203429827,9.612049836900763,1
8.913520660702364,6.99159692057097,1
7.554317304493313,0.4458592152141738,-1
9.554955189425451,0.04712208656235117,-1
9.728835855505784,9.031496684415659,1
3.3562563540321033,8.30595855689211,1
1.8011174191319423,0.33604418348727183,-1
6.29656390645104,8.012606733166969,1
5.8859432985104,5.756562605307762,1
8.076690139753541,1.7685441736175422,-1
4.094040583617771,7.026206277885722,1
6.214191007271723,2.8346672261118124,-1
5.053337419384897,1.2980136486020133,-1
8.083834405736743,7.661055505214672,1
5.014509249668024,5.666829960711305,1
3.4096247061454035,9.14516771659941,1
2.0723178021723943,6.46232402058598,-1
6.5187260388518995,6.584926480402297,1
7.878477626436743,2.288835748657305,1
2.3473445727837117,5.290966826209081,-1
4.393846710926322,1.951912123340055,-1
1.4654547888935243,1.6440304176301068,-1
9.585856319978635,3.5850889964117085,1
4.37415517458987,3.243088936970472,-1
3.835141869650387,4.44259995164617,-1
7.509829369219387,7.8930556994488565,1
1.111121142289191,9.461421821199602,1
8.011210847334567,1.6499035663029638,-1
7.526214392600008,8.98843937222198,1
4.469001254249659,6.300021908434009,1
4.604876432119934,2.673432571432408,-1
7.7614081638477685,1.3661031530111,-1
3.9704464619407984,4.043425379779981,-1
6.111364401086851,0.5963190159458931,-1
3.4942683496186833,7.027266499685933,1
0.4832856815774622,3.3108989949468692,-1
8.680140273229153,9.393942030380847,1
8.095773505259908,8.925826136220644,1
7.458668524133505,8.872293568008633,1
1.6561139937189218,7.7103601925284115,-1
1.9881224658351915,2.0561572788973956,-1
1.8349296377170543,1.9123475930257028,-1
5.839480993554062,2.3029078383942156,-1
5.677446290815543,2.7845228523937604,-1
1.3496926492146821,8.157961656865924,-1
5.558071932359825,6.84279416906085,1
5.006270848422898,6.897788662178558,1
6.551014951575764,1.0226784117963117,-1
3.899433857131782,1.7112241249473426,-1
1.7516613926736024,9.166849527219089,1
6.649702283497685,6.727931332533808,1
5.515094083618754,0.8163283658839038,-1
7.179715354464035,4.725092766234207,1
5.397038293017956,5.167343802346788,1
6.247781686428127,7.269529728580726,1
5.538318178697391,2.276582496590046,-1
6.095743768025015,3.835989927011801,-1
1.3323435458640986,3.768958762987541,-1
0.30102784335456323,7.360873059429929,-1
4.235522023892444,3.2954149246443,-1
9.54108588356288,6.264724314990588,1
0.33238049520494917,6.788383836120142,-1
3.9802858598956448,0.7444665831583652,-1
1.0789084495756385,6.054933885098274,-1
9.42683899018483,3.345308844145264,1
8.421365147907508,5.951460023529122,1
8.650938538022537,6.37712501504226,1
1.579825797116704,3.737683152891739,-1
0.7145905042906819,6.153085447871942,-1
9.811352515060701,6.781668721019512,1
4.447556777897267,0.2877797543737004,-1
6.7523624095117825,3.9823365363606342,1
2.359511346436751,1.284404635278532,-1
8.945323734132243,2.4473099252186934,1
7.327862757319053,7.265886239475739,1
4.353512619681858,1.3298659105524846,-1
4.084478746080431,6.8733948286710085,1
5.151615190060718,9.731413012430503,1
0.20054373548768156,7.348409097718292,-1
1.0526197083079514,5.665752072119833,-1
9.585045214111801,7.3101462461798326,1
9.996987697483782,1.4592750660933473,1
9.01339708546315,4.800112036599613,1
8.0890269717084,8.475996531505745,1
0.46623302556832336,9.450926473717349,-1
0.936390096272367,5.025416871053467,-1
1.6403840483173648,6.052719090410329,-1
7.1235211849095155,0.9152207979753446,-1
6.529305687519998,6.136371885429353,1
2.5271342964701593,1.7897969319170037,-1
6.118494791058236,9.575604365072564,1
0.5432992906989698,7.360070288719143,-1
1.2477468478612286,1.077095040939261,-1
6.071105720880899,8.054131847771137,1
1.0661049583262205,4.663534904487721,-1
9.316051216029063,5.516904897088057,1
0.1164073301733759,3.6620828227528843,-1
9.58434722469979,4.052293971461911,1
1.2343214537239677,0.6401495005618929,-1
6.696253827049759,5.199589921469761,1
4.388735471718276,5.927437282823406,1
0.8606282038554425,4.72737160749186,-1
8.113359331737595,5.150725478682813,1
1.2516339564474266,4.692043003504921,-1
1.1609022542748682,1.856020685981541,-1
1.2593493607926831,2.031786216610303,-1
0.25680580494095273,8.938802299303465,-1
1.6138976148490558,7.600285671527715,-1
9.500595864142861,9.808518793508343,1
9.253258173153522,0.42121778492318906,-1
7.814275606147749,1.760574822733636,-1
5.481669637120552,8.588483969451389,1
2.535128983253209,6.297155305212197,-1
1.3882537599155054,7.791001035857494,-1
3.172339344244958,9.981617326301532,1
9.477661957893751,2.656691785672889,1
3.4638620078689497,9.199367746761846,1
6.015156515073025,4.619356165116574,1
9.695973772982855,1.5937423635602943,1
3.8969274196180503,1.9515236089015875,-1
9.828103850207537,0.25746541073283336,1
9.711992329061001,1.911660218744028,1
4.333931919405237,0.28699847012336077,-1
9.006758007768678,0.24510991924839298,-1
9.754551338297938,6.466493625090842,1
5.178605538209703,2.7926055052679786,-1
8.859911904210314,7.085884717530448,1
4.942171866031875,0.4181365120930258,-1
9.996323326589776,6.767851524834909,1
4.690861784671908,2.6849512491881167,-1
1.2832477109470053,8.14762575888587,-1
0.14977766917678714,6.859327508027534,-1
9.359487815788768,4.9766181320992455,1
0.5100558809998457,3.6468226081595336,-1
7.932823690986078,5.74751571378158,1
0.9440520402105135,5.150943217788591,-1
6.674786335688278,3.9098326102505165,1
6.735718777807485,6.062368404911292,1
7.43739126771753,1.9634696105112304,-1
1.2186533930868126,3.337709826133637,-1
8.511042827641988,3.9373862003267357,1
2.786185291143192,2.79006642943338,-1
5.05475866923451,3.6276183922415903,-1
6.619259835718446,6.579864599867477,1
6.693351930445366,7.483475660037491,1
3.876637621490876,6.990182857368222,1
6.22590768882993,2.5663319163745433,-1
7.132626380677658,0.47799715620001737,-1
1.0527667497207083,6.8574867861985425,-1
1.2355630859181799,5.059399415475397,-1
4.264210814306967,6.8820925742963475,1
3.2519213105666633,2.897145294363331,-1
8.218181560309127,7.348183861842534,1
6.343652664149038,2.987950153008402,-1
2.2688247403857584,9.456295731457871,1
2.96078777397312,4.7161419027886,-1
5.1412747399157945,9.08651252231769,1
7.759480296859634,1.3898253502868452,-1
9.304462363874965,6.924514465368641,1
1.0328290668464668,2.827016802525711,-1
1.4700566949060456,2.5802164926437965,-1
2.8602343839792086,0.9010326015532122,-1
6.927465326918604,1.4096351737830637,-1
8.146609546695359,7.537749603207557,1
1.2297816506251324,5.544306511472644,-1
6.483083374702444,7.788453142388172,1
7.378967660541662,9.11867242836219,1
7.028233042228374,2.9939807622893087,1
9.032296388910984,6.682190090080034,1
1.08315233212822,0.38995778558092,-1
4.7412340237414625,9.440730502671475,1
4.642765199186062,1.0252703360994808,-1
6.807769512047369,7.2446958021924885,1
5.830341818508487,1.5709243821003704,-1
2.1700565598806043,1.3980706170636448,-1
6.617799809302979,8.129760641447204,1
3.4269644636868533,5.640045878988779,-1
0.14078151491715984,5.016607577403237,-1
9.251806513697684,1.4859423777188208,1
0.6523230369428368,8.491454669735383,-1
9.629294924283636,2.632287256249751,1
8.85887106947167,5.020821963599545,1
4.455892224722138,4.225753648077309,-1
0.6220521385117606,7.593872067077387,-1
6.897449685582565,5.572316870175602,1
9.91974844814779,2.480054504306939,1
0.9302437378218487,6.0017934403677025,-1
3.2433809896210466,3.860230004813847,-1
0.4967248238260691,7.316244952053562,-1
1.3749435168344515,6.246973921138506,-1
6.938500347710958,3.02452837693893,-1
8.521710577032596,9.852489485461316,1
9.376211630119194,8.437443937756722,1
2.76578841696006,0.5009630489036687,-1
2.1223441914232923,8.962702576641735,1
7.52768841804857,1.7208902605956056,-1
9.504165020460656,8.47669749220046,1
8.94473920689671,4.896677597141325,1
4.9734002573471034,1.2193747323001536,-1
0.46692457788696906,9.230254204784053,-1
2.6410385167480657,0.5285166791451779,-1
0.34105852529378144,3.1435188652741264,-1
2.322286510734327,9.5281966875956,1
0.35737349651422834,0.6830072084390071,-1
8.159847774194894,1.5656189575370139,-1
6.601078623943292,0.5553398028185652,-1
3.204467967732869,7.863134478252187,1
1.2422313813503993,8.010017667822485,-1
4.612069275055529,0.44694820541866687,-1
8.543911407117282,5.489537073653721,1
3.6411083982003656,0.9848178615498326,-1
4.928064211667964,8.174505665778929,1
0.22180078694181482,5.936827883966458,-1
9.183106705419068,4.231881401869621,1
9.322380146196231,7.583979287386686,1
4.7165197407339825,5.84002387008394,1
3.7900054113262307,6.489648654834669,1
0.16860375505421188,9.285010509524463,-1
3.364649818463562,5.334233126129034,-1
4.655408473496077,9.581252419981215,1
4.8599510485550725,6.222689474540188,1
0.9102010837851937,5.46284723014816,-1
4.480011605240995,5.354126953400806,-1
9.852332597358096,1.5338909280727098,1
5.5263870965605655,4.677583723065628,1
8.569565597001391,1.4907284094075235,1
3.3415662284894454,2.26478754057014,-1
7.190796810462015,8.494290052450776,1
8.010380150535513,6.848547430987624,1
3.6760268965314733,0.490105707831483,-1
4.688585685697749,7.1048454838529835,1
9.653622181454134,2.859058483338269,1
1.5257939792147457,9.487774177348404,1
6.783627941258365,5.671121819813319,1
1.2007511510943125,6.472173712876867,-1
0.5018962750592226,1.5879297290593841,-1
5.184503194742225,2.589562033391789,-1
6.170421094334561,8.571460173643302,1
7.003964778474284,1.5355236646827963,-1
7.532739432210944,2.84099279765186,1
3.705458285251585,2.989255234583086,-1
8.398543116373888,9.612077070892525,1
5.255296879113624,3.296141756286607,-1
1.7929239618042736,0.061488527057737,-1
6.393700516174439,9.24016740201613,1
1.0682412454425072,0.9871461737503451,-1
6.453414819870789,3.0330137116276457,-1
1.4738491857890068,1.1203978168118178,-1
2.987679387972139,9.690207624067037,1
7.3102284917262885,4.574795944620309,1
1.4205942187103515,9.594215104285306,1
5.286877149099559,1.5415797560141542,-1
5.943072675039591,6.03670099139298,1
4.107670601584442,6.561461083014758,1
3.597653835774329,2.5590996165004034,-1
2.21482729151158,5.403366512131509,-1
5.388547657070639,7.796429761179105,1
3.163230883605724,1.8756397576093875,-1
3.503275613343362,4.555417022648246,-1
4.709027363176465,1.9043543781544514,-1
0.4823766269214802,7.9561422497064695,-1
3.7430875666253116,4.79256184508672,-1
1.1014274221601095,3.0991815461159247,-1
8.201179665920716,8.672746722974692,1
1.14716834237088,3.7803960537456485,-1
0.7162628641910951,7.313713850523622,-1
9.623301868577682,1.5806099878965807,1
3.4455170811646063,4.449740112974844,-1
2.537221604964813,6.313712288990834,-1
0.1930523279766061,9.159631804822647,-1
6.325333976020017,1.4529199817169158,-1
0.5903708377047623,8.500191495364026,-1
5.8181220417462,8.699318182123383,1
5.768698384639749,5.847287262089562,1
9.2213528695722,2.9553406025169036,1
0.3583665455745888,6.905798183657719,-1
5.94187477704494,3.256758478173608,-1
4.161277205938953,1.7919400562672405,-1
9.075072052520412,5.725835412997552,1
6.580964959217197,0.7577442970707204,-1
7.814091519151761,4.8417810097018075,1
3.2788752704558366,4.963907824517028,-1
5.687965511938683,1.9724700920736604,-1
2.9168698809841196,1.3144345608648955,-1
0.6853790388649195,8.304928052992837,-1
0.49202775814157773,7.67262212540464,-1
3.6808248468795846,0.5174777714975554,-1
0.980772490130557,5.392194110430152,-1
1.0096622088786988,7.472656053304142,-1
2.9658198666369264,1.062211419510688,-1
3.610436414587089,8.806520233878832,1
7.720212564343338,1.7557240139778574,-1
7.736708992113898,0.981758981121037,-1
7.495011931573311,7.925082661526424,1
1.6665668763806407,9.302123924607738,1
8.736624665618821,0.09109650501560984,-1
9.707002468895476,7.39701073318404,1
0.7191876162123856,7.187138565752209,-1
6.6395857353116225,3.3306836318270028,-1
6.568134525833019,4.645387763407952,1
4.08135624447064,2.443581560891274,-1
0.9239667694405773,3.0423373518454913,-1
3.0403312329815426,1.407192222123742,-1
9.008798592990532,4.652406797415495,1
6.183055862908555,9.541335366733652,1
7.814170952526188,0.10496900078820981,-1
2.7288010395786113,3.461314898704785,-1
6.665815351041909,2.3475843463704225,-1
0.6206401966027819,2.041956722760141,-1
1.119172922980628,9.794812218527206,1
9.223610283541845,1.8158474806296487,1
8.093001893114621,5.258496462292497,1
0.7848204173977957,4.66143333550132,-1
6.5593234896102315,2.453518135483246,-1
7.785779980306081,7.476314088634019,1
2.6939585483880357,5.823260697206799,-1
6.879204747142877,0.12103956737217647,-1
5.602679903940031,7.000773045875511,1
0.43910834369797813,1.995225166876331,-1
6.06351092287556,3.5386299571766533,-1
1.46297255701333,6.878304563971339,-1
5.3902638132426,3.7476530707640086,-1
1.472699259870306,3.897902654738996,-1
0.7761182845348458,8.030909221823881,-1
2.4529222048659136,9.612112002053463,1
5.380170299254496,3.345987649779263,-1
8.589138495237508,6.233939901602447,1
2.4142690702995893,3.4328094987487323,-1
8.807003616519362,1.259492995078244,1
5.329060179667789,7.5749691503804515,1
9.762999323479931,3.544702157245924,1
3.562718144359164,5.348206047391688,-1
1.872880663571097,9.442254488487979,1
3.9582586459150915,2.1841547193342734,-1
5.755921497064326,7.6099718967509675,1
6.146454720553639,5.89030571907618,1
6.055501290935425,6.771835164417471,1
6.75637612145057,4.000163349023059,1
9.74105375284136,1.9417483736996055,1
5.056713108712354,7.540179984195498,1
1.3811687642491843,5.948227709522187,-1
1.0750905290498547,4.839796260020016,-1
3.2585823220719643,2.312316507131503,-1
1.682222972645,3.2245176967170384,-1
0.41741603278796946,6.800518038374646,-1
0.45771602500952024,8.100484355965598,-1
9.50561168873519,9.692866257405669,1
8.743596361289654,1.042501103992145,-1
2.7788055257978748,7.032095731356312,-1
0.05606069947697745,3.514383579702934,-1
2.4437913183792945,8.633136000608804,1
2.6996093621199413,9.574507538938708,1
3.8021465400181196,2.2005701423285395,-1
2.3752976534053163,0.040811809907861374,-1
1.891581526956636,9.47006853534879,1
2.233427845226408,8.68877826848604,1
5.0351224520161475,9.598610062152549,1
5.201668150332761,2.0959706842778925,-1
3.897662849650676,7.775887485916332,1
5.824010392766792,5.6231694229754705,1
1.0230771197429267,7.1007610863456625,-1
3.7395574664328626,7.605655249283174,1
0.9685168198518668,4.893243672494545,-1
0.4353000747267566,7.332081539538528,-1
9.586823516926064,5.804866275394871,1
3.072396800700302,0.31104769163923796,-1
7.65833985031278,0.5001404048794666,-1
8.955427398598722,1.3528234785106164,1
6.783525918049832,3.0385489690269116,-1
2.3263047570201834,1.462008930143156,-1
8.16927178526035,1.9096749345084296,1
6.378743749731993,6.24305560721914,1
1.2514457812061375,5.323362006053419,-1
2.8176764558686305,3.826105921062659,-1
0.4317602069846149,1.5649497561896542,-1
7.048276516675917,0.6640476536259232,-1
4.8818798071202805,5.848023799115199,1
1.0073512255484673,4.807584497057695,-1
1.9865691857919054,6.319505266547724,-1
4.044844572645002,1.6900973231629202,-1
7.715057502423315,8.75973515326816,1
3.4864981056525544,4.464891280839787,-1
8.60286688798868,7.544188810137951,1
0.7457426997414851,2.2077311631055183,-1
5.040844895463387,5.642502606698604,1
6.547838207161813,2.120348225991513,-1
1.724983012372826,2.267610570459515,-1
7.798047140787414,6.202446734082557,1
0.8112384033493503,8.226708178019045,-1
1.4434956289534773,5.177977209381089,-1
6.757467664528139,0.7170882583077809,-1
5.216917276535693,8.269926430577248,1
7.426095759707598,9.09382102073639,1
7.2871677873200325,9.497257964759727,1
8.371731717467206,1.6553798341740067,1
4.522545076249517,1.3599684375022048,-1
8.198289490860441,5.175281142606053,1
6.175014638824089,6.163144279109901,1
2.4123778832907306,8.029069067279625,1
3.6555598473826088,3.7061991118525004,-1
2.5107347844669228,4.101055156939162,-1
6.619673937204578,2.8499166545589913,-1
1.5154016315414465,1.0952602409011458,-1
3.057322962542065,5.062939242380384,-1
3.0879174503854054,7.60368493227602,1
6.299258210897371,4.925592045159943,1
0.5705626460709023,8.49166675470013,-1
0.30721042604270443,3.444542519260688,-1
2.6994612316925313,9.101283414851034,1
6.082291871984239,8.044479472609085,1
7.372720719867912,1.823373429362568,-1
4.79576878721358,2.7037573483394493,-1
9.03023867616294,1.3513690322948624,1
3.8703324053311103,1.0737434595630424,-1
7.1135454798829585,0.1889341881142237,-1
8.641596294880978,2.342421507058403,1
7.089825615454149,7.926065806721009,1
4.715074528570417,2.41412581587938,-1
0.23223132627522847,0.5804637239485533,-1
3.6408436882357167,6.078089892712153,-1
8.13941579816182,5.3608711774796936,1
1.9343108018289668,7.572857710026533,-1
0.34331999605507035,8.20663672992494,-1
7.056277869057899,1.6194745790597842,-1
4.5790160181406865,7.051713889539462,1
9.235095199319343,2.189857876392014,1
9.905622279266868,2.001027365168283,1
1.071518058433505,1.8326536365331336,-1
0.7818254342576403,9.122502335279725,-1
6.053328995395843,8.159672473275629,1
7.580102550771304,5.965016776971917,1
9.822497956683774,1.8982975513625622,1
3.386254410480248,4.407251152926529,-1
1.6621547449232799,9.048416438226756,1
3.1531763278028837,0.7853189390688375,-1
1.6941210620552294,2.8098646302675467,-1
1.0354872206999566,5.16987938364969,-1
5.880838532710522,5.326585467856384,1
8.756245297276884,3.963171093205191,1
8.57276813097436,3.4228548051727214,1
6.906859898333718,6.2806746683271,1
1.5750169088184929,8.62723280697573,1
3.5323648338548477,5.022766754712766,-1
1.555823582897562,2.479204102620459,-1
6.508718581367909,8.810802294664388,1
7.485800482948607,1.210005970018866,-1
5.243170178574525,4.686847853867269,-1
6.762415719630334,0.6356605116161829,-1
8.749907153178313,4.845130462367648,1
6.02938297277359,8.02211412175825,1
8.722895391138891,4.359598114057121,1
4.546467830029979,9.705736651140393,1
5.979517206870622,1.1231955233563284,-1
9.921439437433193,8.669274460528134,1
0.867478078482764,1.2801137293368403,-1
6.155092008804914,4.924016945856636,1
9.865529588327272,9.781839417106726,1
5.80461956504156,2.461335723304705,-1
3.4998218096352787,5.953692221554853,-1
3.1697476700915104,7.476456030273857,1
6.352688815877614,6.553193119537082,1
0.8746914053590693,5.793951922605527,-1
1.9614284890832134,7.6433520807763555,-1
0.08798821351763686,4.504407671229226,-1
8.27699408844144,6.742273738297941,1
1.4240851918639608,7.943304305018363,-1
3.8893675041164997,3.417420499621844,-1
2.1413226838335486,3.441673875229693,-1
3.7219446921279165,5.774488034894248,-1
5.743727644078664,6.303103726590007,1
2.293145542638949,5.3900263944452975,-1
8.45162069723308,0.3337707940515411,-1
7.38387430222589,1.4633761355092711,-1
1.5698539598275951,4.255054863337897,-1
6.212661521528632,1.1070088168237158,-1
2.6061754781095248,7.212438906012679,-1
2.4336002945998447,5.914164282396147,-1
1.2334035993046244,5.323452558959395,-1
6.5156569161089255,5.527148669378966,1
2.069470884145357,8.304436411056196,1
9.939094953966267,5.346362539575926,1
1.3533721043152747,2.8247416046694496,-1
5.224897450668912,2.3239983989972766,-1
9.076742973347809,4.127322153862616,1
8.427686386001438,6.911289402207858,1
6.85562063924754,6.493744609777721,1
2.4306995804159923,9.138847972818926,1
9.688252013726565,6.235584937228351,1
3.858055106006711,2.2945449907172577,-1
6.293818955068254,3.9251100200620828,1
5.990037973698704,9.560503453757011,1
4.044587861467145,3.394165985572186,-1
4.586953019456763,8.589127601320845,1
7.911352497329245,6.459716154569268,1
6.203951176290348,9.577724923035266,1
2.9913756599868124,5.300851658168579,-1
2.488633884737533,6.383695995310469,-1
8.139915318085107,8.484293904956374,1
2.616747686146086,7.9115447643599595,1
7.112694152923696,3.1489236118519814,1
9.838805790770902,5.446009862075229,1
5.485629697845039,2.9647174569357047,-1
3.9543324170929726,7.813580409052574,1
0.5133443728623321,6.758774070036473,-1
2.138386948137839,5.734393771424258,-1
7.852990662802018,8.663685662848827,1
3.6064266285846047,9.617878141345823,1
7.728380604248976,1.4024813107196255,-1
0.323499889313712,5.227593134702299,-1
6.659731964747756,6.4918444035686065,1
9.131536876902386,3.548107511906796,1
6.565022313479209,8.46223966947312,1
4.722865497190347,8.442251034926718,1
3.8403533345677756,5.916508063941862,-1
7.477249381615851,9.798643513949205,1
6.466152288055001,6.010572608665765,1
5.285270204969849,9.159573483617965,1
7.339972203397141,6.991760017955032,1
6.261083451847107,6.117109726740305,1
2.539942246223905,1.120003658906189,-1
6.8229924661970385,5.11569715273379,1
8.416101220816637,0.22860107197094526,-1
6.958875077935433,3.096422462713666,1
7.604909157365776,0.8358491763124765,-1
1.1241961285601143,9.415348031657519,1
5.742949631388605,0.9395860523355537,-1
0.11133115770725954,1.260961603407702,-1
2.3367567635820228,9.251940016659447,1
0.09347278309023599,8.268845290973811,-1
0.8340926689800798,3.17176491828689,-1
8.899963480988855,2.194681780297686,1
2.86999894087936,4.391850582607147,-1
5.826925791308621,6.960418103526537,1
5.309771214943481,8.420091715089828,1
2.739582025977896,8.435786394973048,1
6.864441612646574,9.598485289180033,1
6.713494166139355,4.74038412113495,1
8.487161853242473,7.610128085549826,1
3.668103163463657,5.035310858958488,-1
7.233557260342447,7.9044514024056935,1
9.897338067393523,6.671471604728794,1
6.9522817680382225,0.21252537944213779,-1
1.229223830018129,3.192567004456528,-1
7.721162308529406,9.333326088615388,1
9.614229990102128,9.99171633334639,1
8.377129960402852,2.7030844493436934,1
0.2509372592683834,1.0988690622205532,-1
8.003240905639215,6.414543287762066,1
8.144451652323315,1.9291363011581375,1
8.632073468903894,1.2744427809100078,-1
1.973876648409244,6.939823664522276,-1
6.869908672179026,4.944932493586752,1
3.25531223164784,7.883312952236769,1
5.445728285263941,4.138020066592544,-1
2.6321128844032815,0.2138309782746517,-1
0.778027281702186,2.106873304964357,-1
2.5592861215232823,7.591043148750361,1
0.6495582418351609,6.746829307080225,-1
2.5401407677980425,5.244775649055564,-1
0.8115462599915724,5.8484154914960795,-1
6.791874906009065,3.1058585015204967,-1
6.109575707733523,3.319857651790917,-1
5.583814135075258,0.8271966267004827,-1
1.2319895626321842,8.642797206520868,-1
0.35436162956081874,9.465387837149525,-1
9.80648255829794,0.4669656482878115,1
6.8379323696143555,3.9918966246791356,1
8.589334896026669,8.63818636981173,1
8.616422315172358,7.08162454062661,1
2.7756234753309705,6.665826008348887,-1
7.2161233758893575,2.1637863417702685,-1
2.038471468049784,8.8924443251502,1
7.951404816532543,6.534209454891739,1
3.4400896843289885,4.974837633584226,-1
9.20871643030379,9.019063090958827,1
4.858996013156908,3.954076645269046,-1
5.312139332880655,4.701177314880258,1
3.07544758911773,9.506814327666499,1
1.3167395985773567,8.75918643738977,1
7.906882839787008,7.881254745359753,1
5.427845284434083,4.854485560215812,1
1.6462135466808647,8.28260959216297,-1
7.87053012285509,4.2717965168374485,1
5.139919698190613,4.438806264482583,-1
1.2332308334937392,9.649873776464798,1
7.295601110090279,2.589199371263512,-1
9.733405944857662,3.117989454210165,1
7.525363560237587,3.009923741664818,1
8.059855921393545,6.723464749059065,1
3.91200399383266,5.849646320074876,-1
6.024051578370104,3.3300684056369603,-1
4.9481645246544,2.9685793379069114,-1
1.9763716938500575,5.56737216811853,-1
8.557529494404179,5.468278656424709,1
2.90186897053081,9.833062991640883,1
1.4139432818994435,6.820228019907537,-1
2.6535422315251935,6.205086260263904,-1
6.5234287466207155,1.4205468291010315,-1
7.628449905007175,0.425515227485177,-1
6.259077628861309,5.767687564161367,1
2.6050283248233876,1.681702257132407,-1
7.237292446944142,3.499280485133794,1
5.136177046586096,6.066391122449369,1
2.2984446229371414,9.634094861377147,1
6.73388862850028,5.057555707812261,1
5.166333181457872,4.235170634037198,-1
9.870826335225445,0.5421436859671402,1
9.53403425751616,5.268104436282199,1
1.6355842023219214,1.4311294035447175,-1
8.917166827831641,5.668928262062806,1
8.656845629316631,4.802205807298475,1
1.6869155858085894,2.696449237424684,-1
6.809900105485024,4.205816157086527,1
1.0548538981202038,0.7532324622477249,-1
2.6758715880113892,5.030338667504113,-1
6.38719658951593,7.848126674889113,1
3.4286824849171027,8.817066564568808,1
0.8932964336821758,7.157949997537807,-1
5.171850763340076,3.6743485341571915,-1
0.49803907819402027,8.184318222905008,-1
0.7978481320047859,8.827528583311175,-1
6.361605039164296,4.428926126742115,1
0.8564363112794315,3.562406902655495,-1
2.3799156913685637,3.929004317829976,-1
9.786422043122817,7.133568821838937,1
7.115513021759206,1.28401358481813,-1
6.645945436800615,6.386382459633117,1
6.212270958130666,6.417929268512815,1
2.1904022199052156,4.094702018447878,-1
2.6834491512469274,8.495330288262764,1
9.708874154235978,7.881784824661551,1
9.074228201810735,4.31246268154656,1
2.187778757420129,5.743181165055303,-1
8.186421143861809,5.588408540060862,1
3.547950079861547,9.810841002257508,1
3.407274126888905,5.456152612928689,-1
3.913160298537872,6.830218517971996,1
2.361309621888097,7.5429229015258805,-1
8.13106758851922,2.446829414664543,1
1.0793558463099318,8.921211417787124,1
0.26837438942892367,0.6456870795009917,-1
4.415115289919179,4.743259836415485,-1
0.23131548399905055,6.593870028582237,-1
5.267565770095785,1.885515268996656,-1
6.525046512442314,3.7211828428103355,1
0.029172240535626504,3.3064852903069797,-1
1.0229568989314342,0.9454194346326006,-1
0.36951807621898203,2.220652869300772,-1
6.733191121669551,7.43795862265121,1
6.403613511485595,8.121680835228993,1
7.877685347184023,9.544687899027169,1
6.292335199458679,9.370041184107551,1
8.170500367603935,6.301757021091187,1
0.7693856654061404,1.6828587445860999,-1
9.40663789836368,8.621729063208086,1
2.573179459656835,1.5657412240164248,-1
7.090129665457093,7.138913938514182,1
6.636184558815533,0.9659357731273799,-1
1.664361962682046,1.5217078400951634,-1
3.1432305178526976,8.325217172490683,1
3.848145389148047,0.21749724850253727,-1
5.775137979418796,0.933399319857604,-1
8.926756354665601,1.6393033766187959,1
6.642127400840639,1.443564201184786,-1
1.0408550157340535,9.003152271711473,1
5.3610868102444496,9.60965680237516,1
4.8443504829848045,9.193185832778404,1
2.1823914992859383,1.1710077900854965,-1
4.5313827351255185,5.985324726481098,1
5.489348319792056,9.273306623660897,1
6.9562461245301215,9.04312751124479,1
9.794664035223455,5.688672589241298,1
5.881404836225598,0.3097516295121516,-1
1.2622075809556554,8.123085123729485,-1
8.765101409943282,9.733588435538646,1
9.46781795525517,8.905423481680504,1
4.994924077748505,7.314837848165928,1
3.1914546377668906,6.1271074639874215,-1
9.480497886818764,1.48672633837727,1
2.5279851996676586,5.517112279014425,-1
4.240043320002283,8.563683187506774,1
4.364517482683857,0.4378811345317857,-1
0.8784160679877195,4.9382752854447265,-1
3.546296217057475,5.8815457333326595,-1
7.99643137691884,6.43636543642398,1
4.028286078802483,8.565620296417201,1
6.851007055299966,7.727876580925244,1
9.812062482778689,8.520858326672332,1
5.3740270641862296,8.52076717840848,1
6.174950031822137,2.3771084862113288,-1
5.082876046560948,1.913684221784191,-1
4.390743436312756,5.117160620072669,-1
7.229581695227337,2.272857865937242,-1
6.338692924179432,1.1116625945358594,-1
7.910852619201386,9.074632956209895,1
8.576597033648953,5.112677618058344,1
4.950923476782147,0.38374649517373793,-1
7.260838651283811,6.09039311660592,1
2.487729479173666,0.3024314142600393,-1
8.40038114897368,9.922861119576368,1
9.376767154064456,1.1775315339495052,1
7.82324195546892,0.4646863232856635,-1
6.209456394866458,8.985394557978767,1
6.653566189363669,8.120396354521722,1
9.54770454145128,8.729432004077731,1
1.9569374921848148,3.095875877761358,-1
1.1455705557075224,6.278807311481501,-1
7.49515931936798,4.4611700412258495,1
1.3595500150784123,1.5081459606492231,-1
6.91512522378644,8.106045144709153,1
7.681377388611476,0.62791077877973,-1
7.1934336149034594,7.628748797596595,1
4.488450563282031,2.1544177537737097,-1
3.2282098494802067,9.374802122953342,1
0.6346144957096622,4.225031772865272,-1
2.6130199917146504,7.5471652219199505,1
7.7958731694109105,4.063711351566125,1
6.777583526597245,4.416784250553571,1
6.511999441584486,2.4492195448514806,-1
9.40303485045551,5.0406129330817855,1
3.1545965520738672,8.885439676386044,1
2.1624363920990697,2.2028823359536567,-1
2.5762091570988344,5.764532199798079,-1
2.029497274822758,3.4211004180746176,-1
1.1699973750639026,6.741450770713078,-1
2.8080410649376475,5.653814439470021,-1
3.2219190916238185,7.6017436999780905,1
7.480622434561201,6.201292141022438,1
3.680478247143318,7.704586610303508,1
3.9808718324196857,6.944724060491456,1
6.728862124104466,1.3862130305195686,-1
5.105251111831063,9.710905906886067,1
8.193784660707568,3.0912176997190874,1
3.2574210240319355,0.42461394380643336,-1
9.864513510579489,9.492938938137556,1
2.7001044521810513,9.83921170186132,1
7.548396291199651,1.7267000002994826,-1
0.32021981877008665,6.506323628445049,-1
8.386189762153752,7.584707220577833,1
7.214640220038188,3.8114986501595416,1
2.632139993163378,8.443211246429662,1
6.199423796661492,5.521776591916864,1
3.2715692107911476,6.276374575844539,-1
4.981002332404824,3.6233727645281952,-1
9.399758166335218,9.504221652044603,1
0.5255561374071183,8.176656526541105,-1
6.49534714103475,7.229673381181395,1
9.053651861373055,8.055264764223502,1
7.2924101354674855,3.396198728461716,1
9.455942622526779,0.6025943340358197,1
6.948146267724706,9.139662534959834,1
3.41777473464167,2.152671982059794,-1
9.464027512538792,2.3614017149717945,1
6.8535637925657795,3.368526293362464,1
9.726048508553527,0.48975022955168535,1
5.841238360173239,0.44629773181377286,-1
4.450442736689474,6.020238273813191,1
4.396364199017693,5.656165969071299,1
6.565581102787203,0.6997985576073273,-1
5.129154305444085,2.9228676124128006,-1
9.274565736853598,0.5205861720600791,-1
6.058174765920599,0.8450343030371243,-1
2.8753392089968033,8.836570820675071,1
9.606754098963462,7.378608859600315,1
2.334903315864177,5.040243957299754,-1
3.064202042710024,0.2883539258044543,-1
4.6009929515820485,6.4485290972945455,1
0.6980903912342307,0.05334757356771802,-1
4.638586078101979,8.540521485421685,1
9.191656736190678,7.2552505615386655,1
4.024350132626128,0.257424240455596,-1
4.560152198581566,2.453022478822705,-1
5.321253495816778,4.262995316717635,-1
5.636786595491699,4.1031156611617146,-1
1.241093974186731,0.1753872256681177,-1
4.072708259643778,7.353005334714437,1
6.1916295966438195,5.490866421684222,1
8.707677591889421,5.010289307000242,1
9.814759686034911,5.4696573637648935,1
6.820605446584889,7.098635226394632,1
8.602310716545018,2.8120926233983834,1
9.580066791854925,2.203407427784221,1
1.4960865063476647,1.7829338841481968,-1
8.692630491766337,0.5010118540154218,-1
5.538220908338617,5.616130131624927,1
9.02231728693433,2.123105196828466,1
1.5549934531950205,5.926442034218404,-1
8.508067576116659,0.8626405318402885,-1
6.125354636917889,5.235902272111328,1
9.230492729445114,2.827825200610995,1
5.061208963236197,5.325109296345529,1
0.18213070117998442,2.0385571042370856,-1
4.275683249581044,1.757008997957491,-1
5.671081211133599,8.721049579818489,1
7.408996533691326,6.1156685760381535,1
9.519640901791945,7.862091178449646,1
2.387277071523463,1.2006634942470173,-1
4.033993515281951,9.897886931442924,1
7.823757303663901,4.605631817057619,1
1.532058509551557,4.0014490902216675,-1
3.470529649481641,9.340989988573071,1
1.6780272581370315,4.813855194575662,-1
6.243369834584941,8.820885380736174,1
9.439454800704453,8.902801686575776,1
8.358237675880096,6.117612511127182,1
5.205703288207299,6.945694124052761,1
3.873605175401652,7.937095959927982,1
7.82160053388445,0.8606528250022005,-1
1.9694517363300879,2.946019288363723,-1
0.752707547192002,3.6549465496936473,-1
2.5157386721256234,0.7376012094155837,-1
2.2120461851961326,5.580984556180752,-1
0.5781137773153111,1.7277079570023546,-1
3.5221027079554315,7.142414528235613,1
5.195296970248324,5.887166505597201,1
2.2835343349588575,5.228428802172278,-1
2.4057232787617266,0.08876060766135341,-1
7.78260812988224,1.0628707820432148,-1
0.4556936498197506,2.99924407181504,-1
1.1503895846175294,3.9086254017337616,-1
4.0516760766068245,4.285312909369922,-1
1.6404873470183001,5.897766136922141,-1
1.2319756766950885,6.947673256196909,-1
5.888558654516166,1.347577257991045,-1
7.833476365102639,2.3230113070367886,1
6.251306198103393,5.691766813580066,1
1.3359261521215127,8.752775320580929,1
2.110391742006029,3.2421444670608244,-1
1.815669467410509,5.061153848799203,-1
1.736784885577659,5.230745866977063,-1
7.60135753864545,8.139607304106622,1
4.471023764578531,2.3479031814248987,-1
1.8583253614993434,5.39295326567811,-1
8.986469911819592,0.6969864759081512,-1
5.267445025773728,0.8040706197844161,-1
8.19103346930546,3.9788515266891267,1
8.859325881129685,6.5259606638203635,1
0.9977715853342983,9.242537320447193,1
9.165110484093468,9.534939040159035,1
1.619009950969409,1.7926969184152064,-1
7.335956720254416,9.2062818055742,1
8.772858367648045,0.7307829031909818,-1
5.220226037168247,3.6162129219855133,-1
0.4955063545646532,7.131892424402412,-1
5.641811959869749,0.16960078927372613,-1
9.104285101310674,7.274111069646808,1
4.913582907894326,4.834463673017782,-1
9.977213085588453,3.1613216099688266,1
3.9201722633725167,2.9906435600067627,-1
5.731229743704038,6.550582095779025,1
4.070169627120972,9.854789562281871,1
5.812362395436272,0.45121161393225306,-1
0.28299109762657926,1.0356483055174326,-1
2.9654615320706625,3.3617868589598787,-1
6.508105940877174,1.3336805640494587,-1
1.8658251401356618,0.45588744379223,-1
1.6847230582302375,0.027525220859322408,-1
1.3061991910709037,8.670301455268973,-1
5.609583551949106,5.7388498166543815,1
3.208224943063885,6.014513530220848,-1
6.902133900593217,0.16768512881192188,-1
9.289080044875112,7.048144878430902,1
7.293404980173084,8.176236718582384,1
3.7233724244019717,7.528620924875157,1
0.005889104249149346,1.6162369517845987,-1
8.830393994352066,3.942748750785152,1
6.9300549655790435,1.2392910063345886,-1
1.935358088638729,8.131340085782266,1
1.1785140066660216,4.290142413500329,-1
4.523094796244931,4.5466100347337,-1
6.250286173102469,1.204288390165058,-1
2.7112223535320146,0.2612782413583059,-1
6.1270347538777425,5.250490809816331,1
1.3977990234460402,2.1087140532515725,-1
7.5111925918443925,1.3450649094630585,-1
3.6309513903897574,2.184499547834297,-1
4.9547497860278655,9.156060435069977,1
8.246868708499974,1.1762374077487148,-1
5.872530762573391,7.696950651066871,1
8.87724806550714,1.766613118848418,1
5.698715095923923,5.7253863266533145,1
3.045044133598073,2.313736858076767,-1
9.87560794058895,9.183462537162933,1
5.833496364810626,0.5992771084225401,-1
3.185917767433226,3.6539100882477795,-1
1.2891689050989719,5.347026009045602,-1
4.696913724147819,9.352306012682902,1
8.755496921144282,0.03711940205731068,-1
3.273281645365204,3.473317852260428,-1
2.0689632569766037,4.792952899391107,-1
8.230397865164287,4.6981794674890995,1
5.693982132064335,9.57922414296836,1
4.989895443396788,3.847284918984145,-1
7.088533422924632,6.422440647199973,1
9.709892625521876,7.504043794004041,1
2.289658338335344,0.8316983757224594,-1
6.673738459756631,4.001227035125491,1
1.6481133630002853,9.49271589197052,1
1.4151375944784628,4.603285899679415,-1
3.940027704745277,2.2441186552166092,-1
7.425079262421371,9.716622725942102,1
0.24362962098910312,8.57641139626777,-1
3.4055119281310677,2.1795407851577266,-1
5.229489335244656,0.1096850826339435,-1
5.688775036856542,7.981540559250492,1
2.288188722145682,7.104728905723908,-1
2.2077298620951877,3.7069827639133592,-1
3.655125889864742,2.1873820700611435,-1
5.978662984686852,4.856171083307749,1
9.35355940370066,4.626446881175789,1
6.388431519821261,8.127720655158813,1
4.797197871455987,5.938805391953825,1
7.028933179826438,4.69977716325789,1
9.482610644622444,9.330839632640425,1
0.7509293321582078,3.2558233330610067,-1
2.46796618374185,6.730427002827735,-1
5.402379909802581,7.715785061916776,1
3.5315930597057443,9.98348489538005,1
4.039647448189956,8.793043511566433,1
1.2488072344922907,6.798172814366157,-1
4.1419436251490795,4.279766661047183,-1
0.7004482389891453,6.437206626848559,-1
4.444003088606152,3.861040624358388,-1
8.383846764830848,3.134155206418759,1
4.899807592594664,8.506650472619691,1
5.615011144242401,0.8973481879688272,-1
7.395205216633569,2.8844660964185787,1
3.6978120891547492,4.875074521860658,-1
1.015046542899486,1.9163264010724412,-1
0.15360004953227646,1.1566787926062494,-1
3.2622048094964184,2.7319787201011314,-1
7.663251265807254,0.5140360167241642,-1
6.073949569352831,3.8855739246665353,-1
1.2885318703743753,0.2572477680490026,-1
4.157841291496567,5.765981293891567,-1
0.9850280132715383,0.19683590763234782,-1
3.607408173500372,2.7207413728112293,-1
5.598549708516972,6.228568367270249,1
6.099245576903666,2.550051702016681,-1
4.01501735960133,2.28433893507337,-1
2.5200063841655416,7.0081432475909375,-1
8.344146082360297,3.880880081175615,1
3.5112272789701224,9.037037625423261,1
2.152833445569992,5.059683354244999,-1
2.7729241701559104,1.5267915562647671,-1
1.3345684927523893,5.0266160416106995,-1
9.775285774165173,3.247374046756051,1
3.5657280452790454,9.134440486131993,1
3.84440354096348,8.946962913841748,1
2.546891210870892,8.907177074405286,1
2.5887856925077832,3.817562671120529,-1
8.896355557717358,8.70639830233303,1
0.03340543961726561,1.4643348931153732,-1
8.292075558296567,0.805392110377211,-1
1.7917719536660526,6.479335620885836,-1
6.024018392665782,8.116293842125044,1
2.82061628492438,4.239430186845214,-1
7.334298865019665,5.561354432666828,1
5.957484914380982,1.9486685903907663,-1
1.196898448730963,2.372033381224654,-1
3.6515030759580904,6.058782244046638,-1
3.4348795029550194,9.215166937472887,1
1.2763814748615976,9.581167483540149,1
8.335128403894918,5.468739152724012,1
8.901482961704703,7.220409385931829,1
7.726074003051782,2.725488807589521,1
5.19002133656334,9.918212229395925,1
8.630321959857076,5.270373033567511,1
7.723380366525534,9.11004816574485,1
0.548053315348842,5.849612256923792,-1
3.7442805526805056,0.9870661990894525,-1
1.821191784562105,6.536745093492517,-1
3.209514419234006,5.370057365376094,-1
5.984443291187649,5.832222698472565,1
7.606102743138093,9.50879156933002,1
1.8465656153888954,9.620097901824753,1
0.662442073331807,1.7017232074094313,-1
9.054669106502562,3.0728037092090412,1
5.798161556362783,2.011316815740829,-1
6.524469089064694,4.9422601379171045,1
8.001423774457171,4.891430657737282,1
8.18690086342915,4.885381644875212,1
2.3649029541900166,8.449581349105614,1
4.0749241101198495,2.126059651783865,-1
7.7598804005534285,4.165734463946431,1
0.9396410803777333,3.9727670224144527,-1
6.473313963205481,6.7785590794292325,1
3.9066098218610157,3.023343940237515,-1
3.216423951269376,1.698336288715887,-1
3.660805246685168,5.272496942161093,-1
0.3649165287929734,1.2588208112592403,-1
2.3331324806689424,3.9019359800981848,-1
7.164171262128854,5.117070067598202,1
0.989654609990257,4.570520408461766,-1
7.126447027546215,1.7904335237557034,-1
3.075945835015804,1.904439588735416,-1
7.5140374007493165,2.8997029303302826,1
4.0749806497650765,3.435861961974539,-1
6.7773817257606375,8.579370089596189,1
9.520649014416207,5.270884216309343,1
1.8313233414257035,4.655603664560858,-1
3.345635612143366,9.426111397970413,1
5.424029028270225,3.07406365258632,-1
1.9337726679785594,8.930795353037391,1
9.24741178048069,8.619364574153714,1
3.422676099162386,6.0534429768234945,-1
6.398621638990231,9.142005885699788,1
5.742957752819141,4.76172555724029,1
7.054466139371335,9.982112390403161,1
0.14862750495796662,2.0242825540299316,-1
8.075840592155323,2.67719087249073,1
3.15820050935396,8.922994762578378,1
5.558988795208274,5.163800751732729,1
8.341970388949857,7.036657984388509,1
7.3350498415869305,4.763765182207672,1
6.527132929454757,0.2671304717165268,-1
4.950349829412669,5.708823836901744,1
2.7497665906376554,7.779780025981196,1
6.846147469586304,9.037498741155183,1
7.417475572401189,4.330393273066367,1
8.480623475478211,7.841822079230485,1
5.878483662032342,6.882582251406434,1
4.301437339976159,7.743084138973612,1
5.035350788871469,2.5269939143550415,-1
3.3203710262356356,0.248704568476934,-1
2.8951346933419986,2.9261978692178445,-1
7.748154330541469,9.039318533372098,1
9.03923556183203,7.287365199961435,1
8.445400796488201,9.813080299566021,1
4.763883518752451,4.635339281532104,-1
2.126663341206596,4.678994158634118,-1
5.608828062294533,9.453543387345746,1
4.434370469401808,3.1283617311540035,-1
7.997537010374664,1.3843489617269489,-1
4.131808545162108,3.3201699814290055,-1
1.8735112891977102,8.08566575316028,-1
0.2347272989167959,8.828827336310859,-1
1.308107755789043,9.811371758679252,1
9.991356039488354,5.6724974508087245,1
9.721798088975213,7.830228536113876,1
4.387172303936172,9.057851005477938,1
8.577652629861625,9.94840136701277,1
9.466985343996877,6.992641774483551,1
1.4987802001879758,3.0304359816816495,-1
4.618452131612198,1.3297506070364717,-1
8.304259585607205,2.911085183283315,1
4.391532415095847,1.4289945506780999,-1
0.4540907807402661,2.6905968600142147,-1
3.2134024089064384,6.663649217223801,-1
3.279704078988698,5.541356380072656,-1
7.868653175651119,7.452972928070263,1
6.618516272310537,1.1386901551970419,-1
3.122754906149657,7.919169918515227,1
5.466494743992564,8.146328575936089,1
9.44613528781246,0.7129072816402815,1
0.6213978188409952,3.586578203911608,-1
4.101017109613293,7.354766521848159,1
9.808014143396836,9.542113315323354,1
1.305731238194826,6.685723363194689,-1
9.983453249609349,7.746769543884974,1
8.617795776604375,8.671175019134415,1
2.627527662882694,7.29535181392696,-1
0.03365607648203928,4.092061249610763,-1
5.1061453619434785,3.1521268595587735,-1
4.479102916687953,1.8046184378647245,-1
9.545204566465014,4.1207566276760135,1
3.9403198598408595,5.884312365410008,-1
7.161323314205332,0.5490569933904932,-1
6.714082350942184,3.6055339770065684,1
4.578221774895702,8.294916889773937,1
4.825988979567281,0.4794925745651535,-1
0.6469348405064956,9.837000482400464,1
1.8919607542222527,9.575188283036551,1
9.695573953630227,8.53461867709285,1
2.034133293991581,6.061072600987872,-1
3.465904302589177,6.542781563902846,1
6.3156605733340765,7.353171077450281,1
2.126338085274828,2.6561612811141133,-1
3.1471347137527106,5.826926903573046,-1
0.18733694694833436,2.8449940879429256,-1
7.226674841759935,9.655751284020418,1
3.2323535007028594,2.473775438953434,-1
2.3517457510677318,5.753607127490489,-1
1.6219278051407149,2.361458412461573,-1
0.34651130624064996,0.4582697266089242,-1
8.799393169493477,2.7197521306692307,1
0.025344364803582264,2.984768067781417,-1
6.047359379953364,6.055267286291233,1
5.874465165925463,7.669521350976626,1
4.252433608427876,6.810698571530556,1
9.243037919723296,2.5973075566418267,1
7.874942544060567,0.4378830180343418,-1
0.8920395288211758,5.658718408775613,-1
6.49100402446214,3.2692155999058627,-1
9.447324918281751,9.64724078177691,1
4.567269338340103,8.541565874681732,1
5.145151950063223,9.540730587325903,1
1.6265843179584705,2.5612606573170837,-1
4.283165297717448,6.2074632109734695,1
9.259696304586061,7.01145771544059,1
0.8197125334269728,1.1244399871936483,-1
5.1216350113414455,3.4577162650084614,-1
3.5448504751529484,7.51006427222877,1
7.548890717357166,4.486054549373363,1
2.836110508766141,8.760664640959497,1
0.4440232072497352,6.931716711747321,-1
2.6650481509941306,8.575411018166285,1
6.876248501026062,0.43117992776051994,-1
1.223965245781854,7.1926324770010055,-1
2.906999413057628,6.341516174522621,-1
2.194088958728538,3.512854268561778,-1
9.138315813521046,5.382189358310583,1
2.958216669367152,7.598355876188986,1
3.933550810805957,1.1779250218341297,-1
8.594118731961144,9.263810687105737,1
8.18663182159743,4.867841842736231,1
4.696791938308518,1.1903362528480699,-1
3.778913600744822,8.206448709928072,1
0.043680981335203484,7.886743416610641,-1
3.76010868269974,4.693621385911408,-1
6.105203311755028,8.557393534335734,1
7.534157003967002,3.8858510385372402,1
9.594606748217327,4.342523158376711,1
4.884968377128612,7.70530241903995,1
6.263075408089104,5.483579099623982,1
0.5931791861345415,0.7449923450028839,-1
6.936491236001548,6.715651185840698,1
3.5056057930509468,5.456695049209323,-1
6.911593729733837,7.93200588130116,1
4.328360759932335,4.537814310864984,-1
6.664268219922897,9.39162342953645,1
1.8519706207579134,2.204637418328874,-1
1.0720123757024524,7.599587214925627,-1
2.4892982891177553,3.4938548098123268,-1
4.350258637435162,3.4489931205313242,-1
4.148537835936727,3.7134068622817127,-1
2.0606450101279536,6.754088259173718,-1
5.2518784641950145,5.881502161325462,1
9.700100822584481,1.636153700113715,1
6.420356092806923,7.361991431277208,1
4.434980940731537,3.052585405329169,-1
1.1339347555845103,4.429153261675217,-1
5.2701107811781185,9.623981748684585,1
5.711405915626379,1.6876837611758133,-1
8.882394367704261,5.362427697091123,1
6.968275197041912,0.9909806773937235,-1
4.431795417438364,5.1529718131758635,-1
9.300377240177504,3.680030988248517,1
3.830479743634333,8.725038192463826,1
1.7985086305813625,6.507511210003503,-1
6.374513818977585,3.87932017421452,1
6.60892346589652,6.284430160984381,1
0.8306825946367202,5.034356390021019,-1
2.154657142321257,2.145769362624803,-1
3.7501077154554876,3.79119522583839,-1
6.6888772381856,6.341682866127364,1
6.033460010456132,8.422924367222315,1
3.21765810293944,6.6595324882102815,-1
5.348145205947751,8.258775582942164,1
3.7881601773359352,7.034372536637741,1
7.782662520164331,8.208631852680655,1
4.888411440748575,4.82055934748395,-1
4.698377936421087,0.8824771141509158,-1
3.848108750184498,5.25458692030762,-1
6.502123018036922,0.28109601909023785,-1
2.700156687297323,5.19459826716933,-1
5.1260531653408545,7.437298476724661,1
3.7046101142650114,7.854261533818359,1
8.454766517412219,2.7247229124553742,1
3.251995223788704,2.4853285648543464,-1
0.47024210182927684,5.994509965480899,-1
4.071871743196322,1.4286925435955233,-1
5.64326361793504,7.772860846219109,1
9.448475440738912,7.189755112667607,1
1.5384129374336797,1.52982376685182,-1
6.8507642777896836,8.33886624552634,1
9.48842372927993,4.353086160213364,1
1.7376759557700028,5.634371595825258,-1
2.4070380466343257,6.545042621052229,-1
9.924712096422208,5.430238851206106,1
8.683625488110163,3.0353769789537033,1
6.524245556548516,2.1554024026723972,-1
8.10162106461287,1.4010632366494136,-1
5.032848123771929,0.2085592787841395,-1
0.6439280904291012,1.0846235680113603,-1
7.34968467850826,7.8640757043784415,1
0.3041875754752721,4.609558162067266,-1
9.072789428974811,1.2002771534605694,1
2.439534118583077,3.1507959376168984,-1
5.952512602329198,7.898453710664758,1
6.771675858471442,3.017592108390571,-1
7.2146084628477976,3.594300367859642,1
4.842807407060646,1.1164830827808825,-1
8.256004740231289,0.8322385670455779,-1
9.748168206083278,7.466112551407797,1
4.153393501977465,5.355645461870802,-1
3.4403854504044142,4.8864446644597255,-1
7.987211018511737,4.016419481299241,1
6.503396285402711,1.0114447157295436,-1
1.2905397690719378,2.288737252084027,-1
2.999271242989283,8.647113553635258,1
2.8413714610133334,9.231658403803834,1
0.4929960666266153,7.2103686789640244,-1
1.6811345256777221,6.516208444629058,-1
1.3497168427284856,3.851715931271653,-1
8.14880550587138,2.2496664734855543,1
4.117607459948668,6.7297778154795616,1
4.772580742207789,6.398496244145808,1
9.216835727889972,6.288526090236925,1
9.202668934628408,3.0600639652419472,1
0.3029278118046774,5.251350663090798,-1
7.468614908533305,1.7133033047659363,-1
7.69731175922013,9.165220428806654,1
2.9054837725223437,8.11095789776823,1
4.246716864705772,5.721413425976073,-1
9.126052073989595,9.065644766690701,1
8.061385582724634,8.608604111429823,1
3.3698157053331332,8.473652105420356,1
4.059870885638976,2.754814522149168,-1
7.721928117592709,9.681663330880411,1
9.599729944917563,3.095944988354198,1
9.158326198422525,5.781178240519878,1
4.490423644495177,9.173096977552298,1
1.9321582284889594,2.770089230074333,-1
7.9663304340552274,6.719679415744883,1
4.538290020230429,8.72974580486005,1
1.4707020257456638,0.3396184759437615,-1
0.5842254914893907,0.42092671502631296,-1
0.38214911545349173,5.571680794803859,-1
4.7517954360091865,9.228755328963539,1
4.451974685321243,7.827509946025913,1
5.0263866805236725,8.873030779418542,1
3.0547380514718547,3.2670412075538535,-1
1.2000473379802645,2.324087581954335,-1
2.0441348815484197,6.952290675354972,-1
4.6974896306514635,9.916365676687185,1
1.6802096310252834,5.615955233606051,-1
0.7688715845117466,2.021731479745906,-1
7.685132934822101,7.078725781664322,1
7.3512304169209415,7.950398326424361,1
0.7132262670962997,5.0939603888597365,-1
2.5985808676867874,5.8910370725243,-1
4.096879346382795,3.5221835831168624,-1
4.73485988926289,9.339317888790038,1
3.9736953239634385,4.556106178660038,-1
7.735373105268507,4.661823531101309,1
7.239923683513689,5.909257893584686,1
8.533020179236894,0.02055239596009395,-1
4.394062956513601,6.591127086913588,1
7.578541294427446,2.6135182360495923,1
4.858765494504262,9.929201137607727,1
8.50581463425505,2.013995460093855,1
2.5111802357253756,7.16639447290423,-1
7.868150996470495,5.290129875166518,1
6.658266733077766,2.051422868656597,-1
5.035109785958126,1.7278617592633416,-1
1.0671909816118508,4.2514393764609215,-1
0.18759285822295357,5.3377760720432965,-1
0.1254085704144392,8.223390223477496,-1
6.350834760762373,7.938709573531169,1
6.578478820897873,8.445345118999484,1
7.605341637138977,1.2797696537958547,-1
3.1393046582578066,4.345085760655875,-1
1.6761496018389432,3.8550757709909633,-1
6.021424413065583,7.899108596636298,1
3.9216751035299224,9.48076378292535,1
7.22801653712145,1.1029568660873257,-1
1.4126469420280363,2.3816550425238137,-1
8.435427167568676,0.5080800822682785,-1
6.159658462485572,3.2763963739875113,-1
8.51114041314338,4.283570704968732,1
1.1819137991905848,6.1242860454860395,-1
1.7280934381775326,8.613288105902335,1
5.0894620673028,2.2009895631964227,-1
8.101205762975738,5.26135537852098,1
8.502627890114123,4.779582443736712,1
6.191060972239379,1.2331023334169322,-1
1.0784376139231133,7.316226820991945,-1
4.492652392996962,2.8384913900740685,-1
4.864481935485334,2.5426628019639708,-1
6.243852761130466,6.35006832765121,1
0.5070220808757575,1.3340600532294544,-1
5.055689784713651,3.526350205220604,-1
0.1708318578718493,6.110425881041683,-1
6.47492218706211,1.1808789525220775,-1
1.4781749779288178,1.6034764962410053,-1
8.913044297308101,8.177176811997345,1
2.0996684334273485,0.546598176981864,-1
8.153024343059302,3.7942046631697512,1
5.435707085850988,5.487322942192462,1
2.8066167126502792,1.4629602592160973,-1
7.705275494047479,2.037470634573655,-1
0.9382518331792078,8.011817444797838,-1
2.1201860231452163,8.38897497459664,1
6.53073841774718,5.4792900968548395,1
3.088028771732756,7.6742572453563085,1
6.1610088280549204,3.5070262112651998,-1
7.657476326613239,4.73002009468646,1
9.62962262041379,5.47652852111129,1
3.6662844370443013,7.825161824281848,1
4.336834293953177,6.3606895418355025,1
9.674020872180787,2.3726406735128336,1
6.5080275417690725,8.964866711236327,1
2.8337549802094064,7.792436316201821,1
7.998757217306403,0.9097900221298583,-1
9.891888216563869,4.28866045163987,1
0.23281901049273634,0.9325573341185889,-1
1.0608091597273028,7.42705894248409,-1
2.3598665794844598,5.173864071391165,-1
0.2888005784710701,0.8328933372092084,-1
3.146313419380702,8.736504288077464,1
7.374668590245611,4.551875952411422,1
6.057485726639577,8.07971529021114,1
7.147102195897999,6.071715060602074,1
0.35415670507998764,5.794077953120389,-1
7.438084439674675,2.451418827184747,-1
7.696604048878878,9.030788419852366,1
0.24792194578789895,2.194443007489273,-1
7.628317762593927,7.801720913519855,1
3.6245338844755626,4.0006112110523215,-1
9.086898307979238,6.754679009846115,1
3.3535174155020178,2.35202182426969,-1
2.2269916761180966,2.7204654164024933,-1
1.8573849690056732,0.3362748908290858,-1
4.406042332479365,3.886992823342549,-1
8.84741409306811,5.519967136094765,1
6.530235732590116,3.582911150060333,1
8.147056461950902,6.026474510075968,1
1.6911226553889536,8.173575724109984,-1
4.921346254027229,9.598617098367972,1
5.025257147892791,8.998421698313026,1
7.938923975206365,1.6255427459429017,-1
2.183990343096467,4.020363144263447,-1
2.657994434537383,7.665424667028323,1
2.417223393520389,6.809450670254195,-1
1.2544765313825956,1.5785916724041693,-1
4.896054754803022,3.875985547651719,-1
5.664514011161823,3.31146517395728,-1
5.274697763714804,6.424594134968514,1
9.676867535454525,4.150026077592671,1
9.371682207768428,5.169955686526527,1
9.6447356157678,4.048459216249823,1
4.396466574890839,0.7212082526214281,-1
8.178862425703011,1.6287584509420217,-1
9.971666163102933,8.398600852721538,1
9.08276466669362,4.530487871469919,1
1.0196160332368676,5.488971571299587,-1
5.44194692854976,0.9784941969761352,-1
7.9681655192342795,2.6234559989506003,1
3.7870651371731,4.6203519424046355,-1
7.641167020275647,6.7497561796283545,1
4.295860574113095,7.598564520023046,1
7.622392384125884,3.1955405566245307,1
7.037281430785519,6.046738008857533,1
6.779092959445675,8.589705272151525,1
7.506918228449622,1.5527520847967802,-1
1.257058752998046,1.1211841955393143,-1
3.592128250364178,8.646949310306855,1
8.157579140537088,7.846450393777954,1
1.7098556406021703,0.025968389265025316,-1
9.656831716634636,5.933260913021804,1
4.134649549406502,2.78261244075349,-1
0.853657245205357,3.6249642019808026,-1
6.688420968794572,8.47192432713499,1
9.070107887343049,6.564973511522155,1
5.35971439958225,2.1283735388152616,-1
5.697968575914926,8.595489730968293,1
1.658892178181507,4.032044877491802,-1
2.107719898610486,4.34200825342041,-1
0.43536288046757576,5.095521015630382,-1
2.5472734069280634,0.5910944237971016,-1
3.594378443946924,0.1255531339892202,-1
2.1742585201389675,2.52434583322016,-1
9.199921446117004,9.975821817189967,1
4.117032453596742,6.719588679474135,1
2.255133343477933,4.080029274863874,-1
6.269340334401631,0.6039465103507413,-1
0.3030303799167122,4.319442445978114,-1
9.817371159732087,8.230776025520708,1
2.5032230904248856,5.80162702722821,-1
7.875921845274851,8.43886803646991,1
3.218881086382331,2.744175034244085,-1
3.880348397842661,0.8578699932694822,-1
9.582697310738839,4.669294848534083,1
9.610178096732705,4.415118560041384,1
9.269420867341026,1.9854527524482546,1
8.667432773137987,4.315831318364979,1
7.0400531420290395,3.408923044838966,1
2.8454308354378712,4.1890292848965665,-1
4.654990659868302,4.935964377055637,-1
7.307423748853101,5.732752566390722,1
5.983120623610336,9.480896906032235,1
8.441713736992766,9.515762943006717,1
8.62265848356253,9.433040714277048,1
6.427444608495211,9.00676017999141,1
1.8425981341436803,8.194047777617698,1
7.876729731445053,9.038165691921524,1
1.081230129900953,7.779125600416082,-1
9.867417079060361,0.527410092826528,1
8.746307011608108,0.4630283656735257,-1
9.676525212320987,2.9806593403854267,1
8.521191482275881,6.761771874453116,1
9.556303207045229,3.688067945287201,1
7.018172955036429,5.287253785865903,1
4.352658276688434,2.852461825798054,-1
5.307768619809885,8.588861839296149,1
1.985896670055427,9.880085719352214,1
7.558626885065557,1.699099380961514,-1
6.413127177595886,2.382292254920193,-1
7.605605836758843,4.332691530187404,1
6.952108230573961,4.215771759476743,1
3.3824876896381273,5.535532381847778,-1
1.7282187123304438,8.05057241659767,-1
1.4802671114799082,7.999530784601888,-1
4.97718273235669,0.03418794905784117,-1
6.681268241964288,5.451107800924756,1
8.933765758508711,4.481423805605616,1
9.75382942424618,2.180475833843465,1
7.003500194964907,7.792530514341216,1
9.413329827205452,6.527473742575532,1
1.092557887285196,4.57978468738958,-1
4.262192491512047,5.334882307073468,-1
6.806767873591947,0.8147605854158746,-1
6.840839994023352,7.841711215072838,1
6.0694060118635065,4.736285452634722,1
6.082062582223777,6.82014477977002,1
0.6638815200442727,1.6863448570083428,-1
8.652219427073518,4.592929644486939,1
9.850267409940356,8.607961340520669,1
6.828047029194806,8.292230224025975,1
3.5648924770123083,5.654817119431272,-1
8.70916473895492,2.826156911957547,1
3.2165946828332723,1.2728632066746381,-1
9.848948935435292,7.4289618541022335,1
9.701137909384057,4.6503836268409025,1
0.6458988752295547,7.7405618842198525,-1
5.584907239592956,0.514999539645935,-1
3.808709464018664,0.7993039940169278,-1
2.7636260367460364,5.647115886401988,-1
2.093001164275324,9.688478871398235,1
1.3287200187171577,6.653938811105484,-1
8.863068498152641,7.392077385243287,1
7.4602119299574765,5.916661955086583,1
2.8152866594974557,9.193140139714012,1
1.4939519751735608,3.604901964049793,-1
4.4633060046696285,4.733473282577406,-1
7.646668061663627,3.9000327979472473,1
2.7339693123123734,7.32738950435739,1
3.5750468178309713,4.962791002131935,-1
2.8568183089407038,9.544030469283078,1
3.941286530608852,0.9977817262192468,-1
3.3544039838935245,3.77753141421749,-1
3.3336779024670538,3.3835047802812026,-1
4.361782392196552,1.4872640306756535,-1
4.958624128665217,9.291668410603776,1
7.306990136231254,8.304631162255493,1
8.161687518463788,4.962692432022773,1
8.99987734402646,9.78459116284452,1
9.133907027106227,2.56436277073113,1
4.175571684736237,5.25802894497685,-1
4.880327828755186,3.9684822579152423,-1
0.6257655651955574,8.323577772863512,-1
3.825940455389163,2.056103933125739,-1
5.494061382745277,3.1579080447567742,-1
9.452551155911381,6.435434456064799,1
0.10603148078361269,3.6394910233168942,-1
8.986940696210743,4.239839241817425,1
3.9709850162803573,4.007207225737943,-1
3.6384356647890814,2.4252526565688184,-1
1.557529144506885,8.854692663127894,1
7.578859624655314,9.722928787538063,1
4.599274522793828,7.911619071595882,1
8.985467096604502,3.911526942981144,1
9.131296826772706,7.519698696581379,1
2.0611994908704556,5.921444819227263,-1
0.749584525358612,0.4032559765545085,-1
7.097351529263816,3.2389671071218706,1
4.372203068521882,5.146878057420047,-1
9.220579442801487,0.5354931876038427,-1
9.069228642573524,5.33350878638469,1
8.342865970133467,1.634471953171821,-1
8.602623231765934,1.3912306515156503,-1
7.72740897966024,6.009677528905655,1
8.428463273205411,9.362755027485651,1
4.166720221732991,5.969901915387577,1
7.124449981963173,5.987633963522444,1
8.784606176362065,6.023685274648864,1
3.5519199249509006,8.200235332020755,1
4.09157897816266,2.0157872218254758,-1
7.351766827670634,9.993256414551187,1
2.068511856824639,3.157249777602603,-1
7.697507720332537,6.0041532774369,1
4.5486426702159255,9.640296598928508,1
7.551524917788215,7.815222165442856,1
6.15130642263709,2.1164075344578706,-1
6.591561698079268,6.597162762828139,1
1.3421066184717512,9.489455414492586,1
7.158482552283022,0.29809880693914437,-1
8.576548909245739,0.7571752296640066,-1
5.920485193894429,8.794304658362801,1
6.668213534648152,3.3635719514228635,1
8.093309348146038,7.291149189335143,1
1.6487490246930325,4.937755862459542,-1
1.0053526091369336,6.872063501691368,-1
5.22033954891582,1.8563040335675962,-1
9.032263398322108,2.1882013908700904,1
4.310304792406493,4.127535706522009,-1
2.3109429899176357,9.518320119604747,1
3.5100381197856647,2.8321992603613566,-1
6.608245733394639,4.916528270696626,1
7.6660776269564295,0.9658181183016157,-1
3.176332518102043,7.235185081141094,1
0.1844111236454904,5.213817821852807,-1
6.589329719498696,1.5123547623390632,-1
9.188737456147551,6.028096596962219,1
3.052162418254597,8.737463001900414,1
9.038662079679224,1.1859729248251882,1
8.557971654527828,0.659999197620661,-1
7.759974272683307,5.948563096398919,1
8.43554794504472,6.270203580976799,1
3.0646136012738356,4.180217499319111,-1
7.555316338419313,5.932885357143332,1
2.9876049719653395,8.765793973181495,1
5.457583412876944,1.651949069298918,-1
9.119773663353783,0.5086000056214013,-1
4.2459044216158714,5.115697482469964,-1
8.09048320845813,4.878747965229076,1
8.681578724186771,6.60753187353313,1
3.957344564140446,2.756367260487055,-1
9.933641966471537,8.460374394963496,1
3.4690911299734397,0.6906537018046377,-1
2.2749859883581722,0.7513699784832595,-1
6.769843632960972,7.918127781942537,1
4.902908948434983,2.2566589038964158,-1
1.2401924711092283,9.01267246439965,1
3.1558785055428507,0.11512514205133884,-1
7.726928194228412,3.370748302346971,1
7.7930426545793345,8.749082609182352,1
1.9970760329186377,4.484203845182128,-1
8.189526065726671,2.814230085471917,1
8.923973254479566,3.1490776419795594,1
6.136282964759612,1.4713407169523973,-1
5.796340846954684,4.092807379288176,-1
8.097477710808167,0.14088859004713128,-1
9.532325683895195,8.434039874097921,1
6.154744831519584,9.595017656335344,1
7.224319868675857,1.6294349198569247,-1
5.3834341276852795,6.109035774273947,1
0.4436052278185154,3.6519802088812847,-1
0.9768427176262373,2.4449170608767092,-1
2.60266382671026,8.856070686628737,1
3.746182241614725,5.314841932030775,-1
1.926786769536546,8.01762139674816,-1
0.7811627111407016,5.711528601147208,-1
5.467360979793384,1.5923129383477375,-1
8.4014349203023,7.467945456000296,1
4.010270301189322,0.9471862649688656,-1
9.602588179439826,0.7086516287233535,1
6.409051409776457,1.1131491144258843,-1
3.400974302543661,7.664158187017031,1
8.190811758901187,2.832324785923496,1
1.5768171465412506,2.489417652886019,-1
7.067769722042917,9.366257486022368,1
0.7085125864581987,6.616001928998111,-1
1.0591016532839237,9.279284106144136,1
8.92865966478759,4.360027558580752,1
9.837154265192558,3.264637911499456,1
5.104781684731402,8.952347944766178,1
2.3049663223430015,7.668628213512575,-1
6.996346051553973,3.6576430319226585,1
7.12311744258815,6.754749305984599,1
0.7867005281607298,7.452017327980968,-1
5.4881914052239456,8.857333000200253,1
9.039742786815918,1.345602888467211,1
2.1047862256222896,3.551731274116472,-1
3.6808013310022734,9.506303992688704,1
1.78971737824263,9.877203082445154,1
0.5111194021386589,1.0731011430039505,-1
0.25256220373091054,6.806594265096361,-1
4.909796107946479,4.175631993870846,-1
0.2586160505470836,3.011221842891012,-1
8.077522508791768,6.488807374449092,1
1.0217335924889093,8.798325903752131,-1
7.465291356093862,8.652357475100889,1
3.3819252892022678,0.5924032849533711,-1
5.35011805941859,2.735915452553831,-1
2.200265790468462,7.466078008278756,-1
6.691448823691459,4.919916803620926,1
5.078013179180609,9.766227431175295,1
9.612580205184928,9.858283711763526,1
