0.26190286838772225,1.4557721807295398,-1
5.700700858169503,2.028987096731314,-1
3.824181295205926,6.514068509514244,1
4.123418613945093,4.4822829410323966,-1
3.898422229832934,6.608633744440903,1
5.9747492173247085,8.051468360512118,1
9.781940200658264,6.6577468337781855,1
1.5523685609739513,7.902734326597002,-1
1.7743089880296825,0.9745296421989336,-1
5.436446741258976,3.0836799903546064,-1
0.813620839106044,9.518111644648888,1
0.9907321746017805,5.452464085564841,-1
1.2323220106490296,8.485199501576416,-1
0.8336973956791194,4.765822492458973,-1
2.194169664969591,7.638166576155277,-1
6.486522710027492,9.837145718476005,1
6.0898854216758025,3.718620762534637,-1
3.020595693626423,4.493913572267219,-1
6.459628690824878,0.01350011047727584,-1
8.778570579915442,7.070157941640339,1
4.710055725794468,0.27318125925234527,-1
2.8101137781451238,0.8680606399843005,-1
4.819810222576757,2.9135576942129426,-1
7.024773206532501,1.6813752297398854,-1
5.777610749783085,6.366982008859559,1
3.7286468707195586,8.954277488306687,1
4.624507428425151,6.6811780448187275,1
1.8611708556271822,9.849372675418008,1
5.121342584416065,3.8159257875609844,-1
6.446663897420036,6.327415238592885,1
1.6755560064215436,0.6258298221625358,-1
1.2745880946658228,2.754092394520551,-1
8.899356389184987,3.339437418568856,1
9.043272740555624,8.054768918371156,1
4.311432266450011,5.145831430988687,-1
2.295383193525552,7.44796800658632,-1
4.245003111867404,5.669535578551567,-1
0.9423806336446783,2.2806952632354616,-1
8.577673263514336,6.688501006184584,1
8.118582308557494,7.0483737326299725,1
4.890631516605838,1.5166660965345424,-1
3.0279973359662558,3.2158645250491746,-1
8.69530909651379,7.366853465051419,1
3.0082853300912946,7.425856089532521,1
2.0915648406469467,9.85218503761147,1
9.158165486742963,2.1368872703497663,1
7.329715589980694,9.993078190701587,1
1.3364459719205424,5.102067639928202,-1
8.427170418861806,3.0284270830657753,1
7.245373053678358,7.997208693496127,1
3.5666089318612437,2.7749015739336125,-1
9.825614173149031,0.9619985719276247,1
1.1949640692500896,2.201215479492026,-1
4.6881336517121,6.468530130359898,1
1.0651342612889303,0.1993472468563251,-1
3.6526768488158066,0.06772191929715121,-1
1.7120697344811742,6.692866688802165,-1
7.541818130515078,1.3336960751124316,-1
3.8132478871844757,1.2054182976610783,-1
9.042183992703297,7.151433441110928,1
6.841381876473266,5.831092466780291,1
0.2653686848542014,6.5674024370651125,-1
4.129817262961857,6.40869478937787,1
1.9555310691011007,9.266158479724798,1
3.7152730759428354,1.8692190705832412,-1
2.942739457537773,4.510707442533867,-1
3.195262492120955,2.132571287717646,-1
8.412175440636062,0.864754783391618,-1
0.7350568915959088,3.691307069141354,-1
6.962784880087341,6.742127549751594,1
0.42780379557859294,3.159354483620369,-1
0.14603125417348095,0.7486293327492932,-1
0.0036216684442369473,3.499779456293519,-1
1.6924765231333405,4.507221367354399,-1
7.155376048154448,0.4110484117137725,-1
5.072329141095942,9.788725637726753,1
0.056334605616874533,8.883213061231597,-1
9.145385234291007,9.119325691285905,1
1.9640960441585031,9.67920334027826,1
1.8622563117316937,0.9919380288341229,-1
6.317021033227962,6.915740229050402,1
3.6146175423428595,0.7557757933215703,-1
2.15791198637981,9.934017613263142,1
3.464416502353659,9.501845203056348,1
9.097199601068636,4.152512290778249,1
8.659651328242852,1.6539716580125086,1
2.7877069448620184,5.6840109208218585,-1
0.01280083002419663,1.2654290484746222,-1
7.886888238757162,7.298652773866693,1
0.12488363381556566,5.683565328714273,-1
9.480468380458971,5.410064717979392,1
3.647606384657942,1.9082055066166292,-1
1.8901794450476728,0.852530884256929,-1
9.775898806374364,0.7679068404818257,1
8.684064455442824,3.3578203430361055,1
8.367435596046526,6.3573301847931685,1
7.821085767060074,9.752077588215585,1
1.8650724463101964,1.9718335715151625,-1
5.270642656487676,5.621857967071804,1
7.172717914573622,4.968291835466512,1
0.11851742024177603,2.720307404105733,-1
1.1581179602170733,8.876878786174533,1
5.762957211122463,0.03671348625352011,-1
9.617465761767685,7.214395215787367,1
6.211059265715761,0.502504934604473,-1
7.684078533289287,5.597246148455169,1
2.4749206547291824,1.5689502644628905,-1
5.591205581859217,0.7751810210484522,-1
3.422445375577615,6.698152211817765,1
7.013188305162293,8.972992926011202,1
8.257120005956589,5.399316760469962,1
4.3491088436281515,7.537393204617225,1
8.339337418711914,4.8146375658980745,1
3.3274161209851827,7.196711524804835,1
1.503412335314197,6.709821108883091,-1
6.876859171115711,3.5839664070959665,1
9.802333849567237,1.7574949388740668,1
1.5377214886822355,2.559204065333799,-1
6.4973845911128345,0.22749814534588686,-1
2.4737609461172227,3.037286646068984,-1
7.734490114686561,9.902397822889858,1
3.322156064637837,2.3582787524431192,-1
2.7356685657390036,3.441572684376152,-1
6.05641042245465,4.039580684376509,1
7.559348224985749,6.400092307450441,1
5.904892094765202,6.592850659080646,1
6.672943820007646,5.096663047029849,1
9.005163461799965,5.9996839829298,1
9.044559248562864,8.601943904773663,1
5.9137597161351,3.065664569110668,-1
9.723177800110983,9.49332744898632,1
9.682260373964551,5.784809742342207,1
5.976449761984629,8.926115036357364,1
9.123283771936538,9.006562137005655,1
2.88700928786953,7.509024885793022,1
3.6502745515256674,5.3692460724960895,-1
5.907054011972615,3.093415681086069,-1
4.2584039248806125,4.949184481914947,-1
7.37675091752792,9.410232273012495,1
3.7324884296683667,6.849619318687886,1
7.40347578628047,8.613702073753824,1
6.644603055449636,0.21914194277501298,-1
9.0410000528043,3.0920475039253126,1
7.9283504529840085,0.45492594309081813,-1
4.192127624038835,3.8780706236704576,-1
1.2818672603612224,2.325348914981925,-1
9.96111396287086,2.1453492466877435,1
5.579028991418673,9.016018390626668,1
9.95451117874104,3.553220755003764,1
0.8940579826921935,3.6738848109170066,-1
8.125324972885958,6.211373522891289,1
4.29708608875798,5.126264529604355,-1
1.5334501444293624,8.84699058417566,1
2.941236665352963,9.693472664145318,1
9.86739029461919,0.4797624232594311,1
6.88054665142945,4.363600399644372,1
8.659909844320662,8.107695188550228,1
9.085242167110598,5.652921046266047,1
0.9719892056559798,0.4746925218280784,-1
2.7912056979994393,8.450800433889912,1
4.655419666537597,9.052267145407965,1
0.6391718687899539,0.6250109252950331,-1
0.8547152695944815,7.841484129097301,-1
7.694272013891106,5.978345669111854,1
9.188502399058418,1.9706263635195531,1
1.1808035565196962,7.235056558338613,-1
3.3363725054084226,2.907391168431971,-1
7.890243971606473,0.26783943183048997,-1
4.426006647434431,8.734133032112448,1
6.93307364874637,5.824519543645077,1
7.65827048812808,4.796404457753004,1
0.3325230180067251,2.3130774854465908,-1
4.299836674766155,8.425230112432997,1
9.094334254882618,7.736902052979655,1
9.6434696507511,3.8245760273430705,1
2.3009365727578457,3.5568956795715376,-1
3.3502272527591237,0.8200534573978357,-1
5.973602767731489,0.7863715797101833,-1
6.290591263411793,5.855421726697872,1
6.330918566620374,4.221946833788169,1
1.1558640051564617,1.2894353032856265,-1
3.9016391721125454,5.486497023352613,-1
4.035969234155285,2.2189159129163007,-1
4.609645635458879,8.03165818418953,1
7.99207979989194,8.903476508781878,1
0.3583958873062765,0.8293584884744698,-1
7.256816711058599,7.370923563213276,1
0.22581706601989326,9.085656023285264,-1
4.6363236118876126,1.811859401250494,-1
3.5353908915214296,1.132138388235422,-1
6.0641970346346525,5.624406181744566,1
0.12749284627950552,7.905207248303067,-1
5.865872752915532,1.4747794682925197,-1
5.9208338302996015,7.963532625488128,1
5.834387314976209,1.0677704609602412,-1
7.249849474501714,7.082988210773651,1
6.087544786899493,1.7722980632006058,-1
8.791038636504764,6.238500697354754,1
7.754546010260506,3.254172185751678,1
1.515119705106548,7.4390719738805196,-1
2.369466388647812,8.085160129121418,1
2.2764627898898193,0.011662083182035765,-1
1.614917278248026,1.3464666308792528,-1
8.67931180252387,7.39647686612498,1
7.025118683518301,1.8698714093834556,-1
4.8553361434163635,1.0057271919125776,-1
9.042576312735568,1.7326455623571368,1
5.866714895539476,7.49301823764338,1
8.432009199098482,4.120345697113135,1
9.935881958249658,9.117771160212518,1
3.4247200073855066,2.268726819793999,-1
1.8030991945249908,0.6419554973280128,-1
6.200877498045929,8.890396069365622,1
3.865635551245318,1.9785877208430336,-1
7.445064119984551,6.7631872965577555,1
0.18607157129588048,8.781885441904892,-1
5.0660164607412685,6.090584736814627,1
1.372776894804868,3.19367940804429,-1
6.687099625253408,6.7374713077268344,1
7.146297307865325,5.851504818197121,1
1.5897908238097047,1.204343235644394,-1
3.34901649626395,4.137800415739166,-1
4.965520708475153,3.31261295270214,-1
8.32822290370882,5.567258208057088,1
6.575627799308075,3.9609724064266216,1
3.0296622448150865,3.6941545979002677,-1
2.606552873899939,9.333150952981061,1
6.008668770247002,9.721290955558189,1
2.2901146037060482,6.1474011790160965,-1
9.852377824055187,4.107836412535436,1
8.046199932790056,6.1284856585980485,1
9.582935967788623,8.825528404899632,1
9.198733017650722,7.777847572129522,1
1.162406214107371,6.163584577476994,-1
1.4437968717335847,1.0066973335929552,-1
5.615351958363398,0.7838289949413779,-1
8.44211923418516,8.450081198101671,1
2.6999868119316996,4.03478432713114,-1
5.0629618092344995,5.091950438179379,1
4.025026552049638,4.774780910798231,-1
6.6822411729674505,8.082434935490095,1
4.1109009884849375,5.485251152733387,-1
9.319117317762121,8.00533773800943,1
9.733811136677534,5.824042825378008,1
6.2683500374993475,7.90547493558303,1
5.147063030078942,9.83306176088041,1
2.906575799330582,6.59856290147154,-1
0.3325496389205562,7.859094238836079,-1
8.861751955457752,9.598361507405698,1
6.988573542378339,6.915232901028904,1
8.33270885245718,2.6341738543377424,1
7.087962650372406,3.5667843798565437,1
5.557597847678023,5.19568965690903,1
9.033952378329994,6.762881530143982,1
5.363804404074197,2.112167099555071,-1
5.018349175518402,3.712291339332683,-1
5.757634888155907,8.755549062817172,1
4.852911570041312,5.806839626555419,1
3.938875890040139,6.405271074027627,1
5.477169338559196,4.84341910268241,1
6.437573680493555,4.487586128657888,1
1.8079200894043301,1.6163058558732923,-1
2.362065217172665,7.82215597985707,1
5.330167310230996,8.707182446278125,1
4.887082352695003,6.45746168495447,1
4.500674057836537,6.478848154177802,1
4.516959961803883,0.04340815135936871,-1
7.93421328640237,3.852556324438805,1
1.5476148022217118,8.73670535903068,1
3.8130718046512326,0.929474041582411,-1
6.510252730892121,8.446971437759265,1
6.729546152495748,7.446300995138263,1
5.344465318056637,8.344891375647661,1
4.24280862030841,0.06772259250252266,-1
6.352527748296284,4.778296081464285,1
4.147731053776864,2.855723341895766,-1
8.200651720675094,6.805662210787941,1
5.977632169730679,2.9792734883385306,-1
1.1084375093728216,3.4345152863117345,-1
0.6495356283511222,1.0788826337851964,-1
9.482143487603002,0.16005375493042262,-1
2.620737965215395,6.113044993182177,-1
2.9018553359469577,9.74525885121501,1
8.694064099052053,0.9218304819332845,-1
0.584274537367877,9.248363821807096,-1
5.8223842717334175,4.5912784054846405,1
5.414630114302421,6.650393898677857,1
1.5605125849771717,8.54726976315283,1
8.458427418940284,6.695125348178256,1
7.025401207666283,5.454435513470836,1
6.634984642395983,0.5815433445314067,-1
1.6542321376975755,2.3244452602235866,-1
3.9404349595635315,8.362585540656987,1
5.166542585923363,2.989763263368348,-1
5.889812715295824,9.043541872061247,1
1.0463878349786027,5.890923019200207,-1
1.5793948129473845,0.3840423635486845,-1
5.735367819790058,2.50251066767495,-1
6.39157998882247,9.99681693964674,1
5.762369936722827,3.191117447284766,-1
1.7284499564665845,4.941512494256173,-1
5.562535400411948,1.6935399935462214,-1
5.833215486988735,2.170936037668796,-1
5.913196165962027,2.3585965513346494,-1
4.59230554469505,3.6702851832019565,-1
2.122741371609489,1.1713236742436872,-1
6.989802090660188,7.862969149056412,1
6.25756683736401,2.1242468078095667,-1
4.672454257741081,2.976224225336015,-1
8.865833155074418,9.34018516225407,1
1.1836806547646872,9.677322076884568,1
6.90404349780887,0.5154800565443196,-1
7.980919975388737,3.0660226710927696,1
7.950507044577753,4.934555911345906,1
6.1102395188639,7.050999370273249,1
2.9220948604293295,5.159115261464348,-1
3.1465857764633176,3.6805451720395777,-1
0.6410105118684151,2.7543353802268458,-1
9.94641495404608,0.5595855492824431,1
4.541848076089509,2.255137592083123,-1
4.306091813959777,0.11515647555978115,-1
1.5047513808046864,5.4703557085375465,-1
0.8933109970710273,8.189425548772165,-1
7.7959669720640425,5.884100747573879,1
9.82826929979769,6.206225342112366,1
5.893127729219108,5.154942247658239,1
2.4908668581848836,2.750216588593406,-1
6.793983897437517,0.9754866308858512,-1
8.579745425474172,9.401419148443237,1
0.5406728368227787,8.113142547229886,-1
7.699819457224041,2.7587020951311967,1
8.16869493584164,8.246750575891639,1
6.645239949500952,4.2500723941244765,1
7.510651710663312,5.430054763988902,1
2.5103788074341526,7.351227319217829,-1
6.575777302933901,9.386580367401997,1
4.307808358678573,2.270660357462757,-1
9.895886815522223,6.2320119290222395,1
2.693460366540509,8.888219458677884,1
5.666852955513384,8.865502917327213,1
6.70677103737293,3.778449520870366,1
6.206926222932699,2.7892065013240384,-1
8.617751631003735,9.860396528836102,1
5.397627230089835,7.010831598058946,1
1.7893730913706984,7.100525213523104,-1
2.5109779300396493,5.927473849801997,-1
4.829961275194332,6.092157525517088,1
1.6046927847422499,5.835106593078044,-1
2.829258498299013,4.796579754132548,-1
7.9970502640321515,7.643648312594319,1
2.68450662116388,9.457542622959327,1
2.3941165017219754,4.066059166799083,-1
8.267006560967243,2.784252917699961,1
8.892809997271934,6.081620895343239,1
1.7718400636975973,3.5930107108543963,-1
8.031599393928815,4.839617203128487,1
3.8340300515527903,9.399520649487691,1
9.212020691730805,3.385036051488237,1
7.844564892368442,9.367277970583586,1
5.074478331166099,7.837665302022393,1
5.943573912697162,3.7563542148103037,-1
8.17961537007479,7.223035912955742,1
1.5981330244407244,8.752633684508469,1
8.119673593385567,2.1658123533536355,1
9.927157033637034,5.044538326421418,1
4.001315669213069,7.528850870422196,1
1.0152515623707747,6.348630944926779,-1
0.08148008728876777,8.097254781981633,-1
1.8209164139146727,8.836220753051883,1
7.229204866733104,6.602070809890263,1
4.575703541569717,9.633566906640096,1
9.681944689724535,5.9610129250986645,1
6.739270587606837,9.994260184180636,1
5.266441519988877,8.305245584175761,1
8.338620606103152,2.8547715957608855,1
9.340531000309568,4.663295689575899,1
9.539313583198123,8.069373500167536,1
7.913664237584721,8.460437762588981,1
4.142064050260013,3.1616976403148653,-1
2.5029700238997252,0.506566552656168,-1
2.581437288565703,3.75760570275947,-1
6.217368384065274,1.016244363026042,-1
4.703057002613886,8.87941382308387,1
4.862579590327205,5.666307484980495,1
7.292950028669491,7.91770671803247,1
7.469473422486162,1.6519303968012689,-1
8.032021899949983,2.1583072530991654,1
6.284550592299172,0.6172731200643233,-1
7.6105802678421375,1.2339095409194,-1
3.5515999589927327,7.014273256642066,1
5.605808088540053,5.1035836069463265,1
7.040889436148184,9.44075177253425,1
7.3458769982260055,4.415199353141389,1
2.1386807540792896,4.054186081255914,-1
2.2211492099255183,4.016539485504483,-1
2.2412549828510873,1.9936786915989146,-1
9.353025323450321,4.871362079782503,1
8.879039595808413,4.915768768086349,1
4.609304588634844,6.933621985797442,1
5.5372414201671285,4.010932007594077,-1
0.9408831569196208,8.053183376940698,-1
1.191541403194638,5.54129110829873,-1
8.095877933008156,1.7543342278425456,-1
1.8207807343854499,3.5221094167783527,-1
6.67587559053877,5.953576558317976,1
4.318471055245548,7.536127504848564,1
8.737250589544196,0.6189247520360264,-1
4.963671705076143,9.43468570779134,1
8.49285916999632,5.555092972875901,1
6.931294721024475,0.9205395866328636,-1
4.906023436649223,5.893753430659664,1
7.140167593079793,6.9377124861154496,1
3.716911493111501,0.25003038837335234,-1
2.6423489255385335,5.3738672175075575,-1
8.677740286140509,6.955250913192151,1
5.22230950490031,6.263230240453029,1
1.903182983258821,0.7291940522107332,-1
5.273279413639176,1.1811873334940914,-1
5.401564648704751,9.723664465213236,1
0.33103909183824,3.977771993605732,-1
0.5258913109738905,1.1504375463759942,-1
1.6114648340578563,1.4493216765613293,-1
2.9627232282976177,0.772501117875033,-1
3.0787273397009085,7.8471081772595,1
6.122684082821951,0.9592444164877956,-1
3.745783563233828,8.204722319484604,1
9.092522673550238,4.483568786998003,1
7.308204968129637,6.831013362107063,1
0.6170936106093827,3.3763220358396184,-1
5.761632578606902,7.945529833466062,1
7.016720678200203,5.34749131391107,1
2.139441453889881,4.628610064679716,-1
8.444402136629117,0.1334365210224031,-1
6.556622268650561,2.6184413340673576,-1
5.843040549606178,3.9268652208048884,-1
0.5060693309132092,4.78596474525646,-1
0.8574908391147484,9.347984883660386,1
2.8384865635291745,1.8986976837951675,-1
1.1823873121001627,7.890462973813843,-1
7.862740968289398,3.11884843661431,1
3.8785895952735308,1.1495838366580213,-1
8.739244666674619,4.919998494118518,1
8.397173814010252,0.7258949127662584,-1
0.2653753071497045,5.818347297880559,-1
7.5160618205017755,8.524133657024075,1
5.279757793740217,9.715102446817781,1
6.67711933331374,5.515711452299539,1
4.681319268228772,2.515871827691285,-1
3.1403330459785472,6.991863854315252,1
2.8863449552396747,3.1182408918742066,-1
2.816787174138773,1.3549149697767648,-1
1.629809416939454,1.3196715292112793,-1
8.72999738860548,6.826100215536637,1
4.3179764389538375,5.615335028556875,-1
2.635062459779236,7.863683619108894,1
5.331368273396329,3.5223814108906195,-1
2.144654757791058,5.762027969414346,-1
7.536569213233295,9.21373529866467,1
1.0256703015958668,8.718856569565968,-1
5.2947018584007335,2.9919514661788185,-1
4.601665817477683,4.276468720594346,-1
8.64195339980536,9.24998849112294,1
4.460630397122893,2.0749821962921944,-1
8.549146544601252,5.516658515042057,1
2.0287958805742736,6.036690706324739,-1
7.162128637854114,2.3995821479352095,-1
6.442343834918601,7.813594069356109,1
3.832879433945383,6.945516430176931,1
8.54942065491391,8.128959063125805,1
7.709910143877177,2.9971276658401313,1
3.325568689084916,3.3790762168189326,-1
4.4149719119656785,3.9924146095389434,-1
9.50275868696426,3.743485533849016,1
2.1866609407998148,4.185430951014722,-1
2.299780376418851,5.438294357480179,-1
3.2112089436757474,7.705116604631082,1
7.448751556097641,1.229720835274818,-1
4.887119516415618,6.567504070639978,1
9.207246994005127,0.5352620344216152,-1
3.663362188683479,8.95969153119567,1
8.466095636749957,7.298002576286503,1
6.957787258472356,9.124976191355593,1
4.6202590667514265,6.2997939423933484,1
5.147508760405954,4.880033784863582,1
2.1707600494066748,8.00081844782296,1
2.426355027091139,6.5403675862097295,-1
6.985565444199594,7.923732887219787,1
2.3830357111228615,2.709237589527996,-1
5.876408895070523,7.68085266458807,1
7.2941260751516355,0.6035589040421008,-1
0.19607603031431164,2.538966319575535,-1
2.063989711444,3.1686641602031775,-1
0.7280367865000714,8.88284961108154,-1
8.867931548585338,6.215439188392952,1
2.155445271706583,3.13513554266887,-1
6.666663091373212,5.392142851643323,1
5.486650193574137,7.758824717648354,1
9.357982705790056,6.61622517210208,1
3.7923494543378835,7.2011373618066585,1
8.986627686966525,9.185005741365718,1
3.0969488298258385,9.910898455872164,1
9.7336268290171,8.319496465385729,1
2.623953556566465,7.171249520096186,-1
8.77747948081382,3.2646758973832624,1
0.382720267825698,9.758230707386437,1
5.388723155459476,6.449568601095667,1
3.5091159677373964,0.4070984055905025,-1
0.5811474163517949,9.72083224338332,1
0.4619127053378491,9.969257746693765,1
8.8235510596965,8.870733132653315,1
8.341886079333245,7.562856274427067,1
2.9942756840969063,4.005959647035179,-1
9.650080373578238,5.656331974626113,1
2.854583652636704,1.8614264424102511,-1
3.9808179661259127,9.445948044613425,1
0.2808729264510512,1.7077585948431262,-1
1.3868289731499206,4.899460953749923,-1
5.6534302155235805,0.27087452571450066,-1
1.0485381208558886,3.3237558387921995,-1
0.04649637927082062,7.9316978801672615,-1
2.8370143801917704,6.042165396167557,-1
8.914829977071406,7.9799044923221265,1
9.219056291703374,8.24386901913427,1
9.096788288301076,8.055716314476827,1
2.1414385303016683,6.960746549323896,-1
8.744623676086169,0.9514379184581667,-1
2.175501000151195,1.814800558475308,-1
5.498514355746085,9.462326919948692,1
4.901509013989416,8.790606373428568,1
6.173318471096322,1.921238269676755,-1
3.6134922507341773,4.658843329486576,-1
0.8648430325478074,0.09489515093859757,-1
6.4153522452994824,6.712735123719781,1
4.29167719243035,9.845901855045799,1
6.838625045240564,4.539851468730152,1
3.1105295684560783,4.6943343077323085,-1
2.9160796321910807,2.2994974413605918,-1
8.608787359517576,0.5118529838656227,-1
0.025702521545190038,2.873500734218192,-1
4.150783630215039,8.423624916402662,1
7.226190542845884,2.862402525982862,1
0.9024443336449028,6.604000078514533,-1
2.662954184037244,4.63964621207002,-1
3.8500328931091587,4.592529406466035,-1
5.1734023277632435,9.644975668332009,1
5.222172961152854,0.6758665045503309,-1
3.739924526492074,2.5727273484777835,-1
6.581529116691195,3.6241567538152033,1
8.539415548470945,6.441627829574635,1
8.552278332103448,5.323137534653881,1
8.255363384942939,1.804827369114017,1
8.296499717009697,0.6399239443258786,-1
8.887967141262463,1.2297726518347918,1
4.4152044845154315,2.7724546500943568,-1
9.499697214681289,3.5166189233575276,1
7.933164134058478,6.68791131275205,1
7.689941456891768,4.5574590000569675,1
6.4558005010479285,4.261032073765363,1
4.360984727614224,8.25735743758514,1
1.599666646399216,4.106111372248654,-1
8.845823884944972,4.710872281945417,1
6.226389917855483,0.2844115201490738,-1
5.983002645544763,9.326168829868134,1
4.658619184245373,7.760845120689524,1
0.03483025342990054,9.765674601922772,-1
2.433678714503633,6.209752738543361,-1
3.8415449477426433,0.509534824352964,-1
7.471237536787618,2.398405204075138,-1
3.3714096675838756,8.013636157973046,1
3.329456710508618,3.8274111567425173,-1
4.942338644055958,4.964114412378167,-1
1.4638412639025211,6.289814781942754,-1
8.496261236510358,0.8187318995891302,-1
9.417310397176765,7.776987413577501,1
7.740244874652248,0.5315639640998338,-1
0.23285063636429126,9.6696415714114,-1
2.8095088884381667,3.599690753457665,-1
7.035027371136355,7.384503935946195,1
8.087055031001253,9.588434103754325,1
6.810925183653738,7.961286631261325,1
0.7319480462545347,7.715388785712911,-1
3.510720010725985,4.274132500479334,-1
0.012864608853935255,0.4393587132150345,-1
5.834777843820117,1.0377458103184578,-1
6.840660425797841,3.7640940760929933,1
1.5308541950761123,6.2972469811203,-1
2.9648302344695567,9.080933647729987,1
6.961266961163962,1.874269395923337,-1
9.366079828291191,9.884506680642197,1
5.618958523065003,6.534915096167139,1
3.1643088361113914,0.19673593053533556,-1
4.239063131245782,8.586235320695613,1
9.521558150619171,0.45413274492386635,-1
2.5172577270174323,5.674758347859865,-1
4.431225927838813,0.15871048519568443,-1
4.206772343714932,4.478426644735208,-1
9.59385273586812,7.67593824610982,1
4.114542358863613,8.254999603265933,1
7.848924693992015,6.5313834633021886,1
5.700332510779733,2.9014905622099194,-1
8.796682707136487,6.13619989655024,1
1.3167640945536119,9.510712792380449,1
6.2842166684709735,2.567663911670346,-1
9.041790971349894,4.919205000840505,1
2.907305896424038,2.18236087546696,-1
1.773114362468582,9.290808632011897,1
4.835381158192589,7.061620501350687,1
9.059217027724916,2.9949738567843354,1
0.13307187779448504,5.944816226030184,-1
7.408559763786423,9.528917934529023,1
6.075195731220054,2.3035192236630984,-1
2.5813867826652306,0.641050564780048,-1
8.792643410690571,5.265492020388296,1
5.060537524120196,0.24692856937114316,-1
8.746660868040607,8.097948115008197,1
7.608475844351055,3.4489866501329933,1
8.043274950632892,3.6793945398574444,1
7.945764815598595,1.9115725926504157,-1
4.863448312078216,6.3310568825323985,1
5.805768895823897,6.049900955570795,1
6.395438022759002,1.0972730860483482,-1
2.12210458766777,2.046995481516465,-1
6.759345993790522,7.16603635630833,1
3.2612623702236854,8.228778282852554,1
8.678817097420247,4.249666141668824,1
2.522117620161434,6.251796334092092,-1
7.272378437279404,5.521680851394746,1
4.741957481329326,3.3891556057043983,-1
4.495950611089816,9.199940513709363,1
6.04335089900337,2.9597230925424824,-1
0.2044044106353271,3.496089488281596,-1
8.08797332621116,3.158022163283926,1
2.296217011775826,0.37407758544024783,-1
4.53509008527485,8.683676307200546,1
2.6799867223011553,4.3522865070775065,-1
2.834312282225925,1.2621108168888928,-1
7.0378610673343065,5.862917895241054,1
3.8158143754587046,4.620697861698744,-1
6.075558983312925,4.932089214943303,1
1.1367704654266897,5.9932594174928875,-1
6.262747183092335,9.80999871591388,1
4.583853150501173,6.452074129702021,1
8.57292906058463,1.8783354994666612,1
5.098345906332254,9.300975733093388,1
8.792855151548588,5.340920380592593,1
0.7039628028477996,6.817195432444746,-1
6.303145091082626,9.559226220522515,1
9.560655848640323,6.080537213895404,1
1.4371317213496426,6.8738063048736855,-1
3.9007200567042757,0.5137131817125395,-1
0.7202612145478182,2.2070667796990384,-1
9.366255502220437,7.3502800403969335,1
9.906995341789113,6.406107573071321,1
0.8206785667761296,9.454129282853248,1
1.8536765540440603,8.2993459893261,1
1.3097517738327902,3.1340901616948305,-1
7.495194904272838,5.520863237563053,1
2.0295390021757997,8.371207507575484,1
2.82993693935075,1.2252580915991496,-1
3.995552007549472,4.449822775206611,-1
5.825333846366293,2.488682384123526,-1
9.466775807629572,7.511211913990037,1
7.3205506458915135,7.683933102835677,1
7.487931123538467,2.683234139353501,1
5.570956476777074,9.32159849503376,1
3.3452877483554246,9.061325683935218,1
5.133478390297505,5.33518822221752,1
9.024703574931474,4.010526766099254,1
5.6004802622333365,8.387662996266974,1
5.373904725630984,3.076247140294832,-1
6.098881414818214,0.19134942516284226,-1
6.224639102530158,2.777063278302394,-1
7.113169800906871,9.368836460492759,1
7.331171356046603,3.8253385890388483,1
0.7936699257433177,0.9124310305422301,-1
1.956181322401137,9.46344278514384,1
7.859008924856555,9.873363008681117,1
7.598975261497748,6.378687669969834,1
8.776366046954555,8.043076119607196,1
3.4277371241390373,8.572347728725308,1
2.436190874756341,0.10886374781607588,-1
1.0815805087069996,1.7195156084021668,-1
5.039179161572082,5.088793582637672,1
5.673823955219301,3.3813177453925123,-1
2.595339519335562,7.925007385641457,1
3.301751119774725,1.3274402587197487,-1
8.662458011904816,1.4018080435407754,1
5.768969211466713,6.168946858139744,1
7.076656935700014,0.5424799846329242,-1
8.456865989027298,3.3277355658975516,1
5.947713029145057,9.426997993819446,1
6.403985822621003,5.638112699864484,1
8.751621250065048,7.31439418817599,1
6.67646167777706,4.429834879050675,1
8.746000617378707,0.6666694215935587,-1
3.4786249468693633,5.325962630151601,-1
7.288530800184152,7.7539799320641665,1
3.9495825202126267,5.0784482861666005,-1
0.18130192943758838,9.110749108852064,-1
0.13531139989615526,3.1061144903047966,-1
6.354394306277058,2.236718707303591,-1
1.679934732056173,9.214722225468687,1
5.7009502418278,7.931889393485646,1
9.175684973331053,7.9904702966930055,1
5.707586101561808,4.291476305225568,-1
6.659147359468708,6.6119026794472635,1
7.943748546515852,1.2763767697536776,-1
3.6235974134738527,0.23472756421997865,-1
7.59916635228576,1.9378508133085692,-1
4.762915764455238,2.9673889970380483,-1
9.077465683630317,7.90901648473324,1
0.378543929592724,8.163549214429471,-1
2.0630925734481256,8.670701948754086,1
4.957992834457431,9.676730239695656,1
6.041600799341007,2.3425171234465445,-1
4.761091096522305,7.1874161244588155,1
5.387883298867542,9.832937943957555,1
1.497557733033572,0.45448572139174637,-1
2.6366458870779406,7.169917645546588,-1
0.039002790015388866,3.978352534689603,-1
0.9241166770864284,2.7858591423461263,-1
0.29062289344269576,0.4444508919543877,-1
9.655975109591353,6.885126953471053,1
0.09802459794845286,8.609487664674173,-1
4.310683637426138,4.898355228703521,-1
9.425134707598575,2.939733455770246,1
5.223967238903523,7.201850904492138,1
6.373026747989402,2.6709507837637645,-1
8.289308998973375,7.249757294849779,1
2.23774426908663,7.2230189838146694,-1
9.77774932574997,0.36205232306419033,1
6.842647616567163,9.195394062596513,1
4.277672843336793,5.882733313066497,1
4.929507860354381,2.2774340662946226,-1
1.27101107442534,1.55220261503079,-1
4.920932928677822,1.970525164585818,-1
1.0324914511440442,7.354227377477384,-1
6.978654294585618,6.697241756716455,1
7.06631925714167,0.5796034050511789,-1
8.308257391370939,5.7318191736297965,1
6.747963417298809,2.9402369224207456,-1
7.465667610900759,2.041333380879007,-1
5.504377991542128,5.276629481308452,1
1.8850404637408735,1.6411631512378544,-1
8.010790091554004,0.8600197216490446,-1
5.4362109634426625,5.242453230025066,1
9.717471221206823,4.0524095643698885,1
7.215997987726159,9.088112191192007,1
0.6456048645872392,2.0933848902101184,-1
3.768551054805899,7.464776431898251,1
1.7046995372684948,0.03656021581509239,-1
7.224182893855239,8.200287322662707,1
0.47978181941205067,4.284836447077071,-1
5.025215546744181,8.692659855184635,1
3.462058882402955,4.529300495488798,-1
7.239847029467085,8.410612606212185,1
0.47930674345231017,3.4450860730325172,-1
1.5520868759095896,9.144060250888199,1
3.01049295634626,4.249630583766672,-1
2.320341204932376,5.7014490963356845,-1
9.434049730406592,1.2385120689368267,1
2.3292086583136964,4.705114196316056,-1
7.088714291162953,6.266322808016081,1
5.098249111494722,8.269354244615755,1
6.944267734512088,6.525402730933296,1
6.128153321600659,2.3131710365411795,-1
7.664201652608659,3.064287904522308,1
2.774068961466595,2.4573202537020897,-1
5.043262752408584,6.901521262231553,1
2.0420581287812634,8.605187978928928,1
3.030334043806464,0.30068981340325096,-1
6.304934991737876,1.401109709986672,-1
2.2022698220655745,5.8448614801147,-1
1.1439461211873936,7.568076715715196,-1
4.42222154393335,6.268550077204718,1
3.079091294717892,6.0398673562983705,-1
6.036863443863903,9.268887202858426,1
1.6931049366569084,3.1077308835281334,-1
3.7636912885538774,8.1296293137573,1
9.828840075752028,6.480420201508629,1
6.6791210298345,0.4296286171751085,-1
0.16168012986050972,7.895069109138584,-1
1.0319235196966403,5.301261176351099,-1
3.476153999353401,2.3563856521340485,-1
4.744696595751275,2.495851239412026,-1
6.520859343855757,3.194064321102925,-1
3.9654756193490073,0.9380483841562104,-1
2.2938883372624175,2.5018178157975166,-1
9.113390287417447,3.485580372630669,1
1.5267734480100115,1.7455099311861566,-1
8.683956578266942,2.4990888312765858,1
5.068219222078171,1.348301445045177,-1
0.1234646102837722,9.042294432131284,-1
7.053434068553791,3.41591050303238,1
9.859065488102374,4.105388950579783,1
8.04993768617465,0.352133931419395,-1
0.2946983295518313,6.0302183253659365,-1
1.0117173703024152,9.100008001300063,1
8.840401917470679,3.100945647715286,1
7.907130860226758,2.2474402213209554,1
8.26797907031368,6.01589068547394,1
5.800673275263294,6.9790272554872335,1
0.8181297174368907,5.553032388313273,-1
6.3425523014057,8.08622601491081,1
8.099935034747311,1.3477169764361263,-1
5.672549092652899,5.800594109919098,1
9.410061081708122,5.1825589368849965,1
6.328257613605647,2.551327849762519,-1
4.323213498645892,2.081082746685634,-1
9.102422022852434,0.9915273973134708,1
0.02694838108263875,6.201089740202548,-1
1.962436996082162,2.705381713512817,-1
9.341950820962623,4.931189593400856,1
4.667567653230707,0.10838525602906657,-1
0.45237737875965855,4.252680740141855,-1
6.836435001771206,1.6566511235877968,-1
0.9420334433326383,2.1278392640880863,-1
7.05099325948353,7.247491126378297,1
0.2458163370468791,5.201696362934445,-1
0.8753069715416195,7.865829453906715,-1
5.199891610194243,9.920424461030027,1
8.652632077561194,9.08641180233481,1
0.5144570650714653,2.7832014239672107,-1
2.893041410145921,3.6669202238387943,-1
8.360446477388482,6.260765538045943,1
0.28008891982301054,1.8159178292134937,-1
6.026719849871585,3.649795325657872,-1
4.725795636017574,6.7904344947147175,1
6.759879614957862,5.872414849146844,1
1.617559200138181,1.4885097634912159,-1
2.5593052463316637,4.613733716523521,-1
9.727554070503306,6.670383374419942,1
8.404004419498339,7.6227493549043155,1
5.620677999627144,3.5457008605790232,-1
5.5619506761491975,5.579294229736453,1
6.139466347827588,0.22504075158270576,-1
4.357265076001942,0.9760457702185943,-1
9.637170373655877,5.295527662664994,1
8.970396536973531,4.812352950137262,1
0.29038748196561825,9.070352777201503,-1
7.2815372782606325,1.2197790675315157,-1
1.2880829658361181,1.496955755646635,-1
6.6944285188225034,9.224629199908383,1
0.5977424492539107,4.798846320795271,-1
6.581151337202247,4.070225407897419,1
1.2085101430790346,7.701523322520813,-1
1.8750328254032678,6.953191688309072,-1
5.8352859607616105,9.910161292794703,1
3.607167076352722,5.443384093086906,-1
5.547711766886666,9.09751685939457,1
8.120437347493755,1.7498468348735596,-1
3.449889650457817,9.530354943080253,1
7.206053491469905,5.838081164941503,1
9.182763662431077,8.568270787410281,1
6.315197961770576,0.07700375274996674,-1
7.796827550794526,7.432766080150024,1
9.773663456099836,1.6351057942780334,1
2.4958506989213722,1.3189462330567003,-1
5.714679405730122,7.7947553516284005,1
2.796325887032932,7.792628411822198,1
8.262413140646732,6.511121120310693,1
7.334352616221871,9.512167262513767,1
8.873411849924292,0.5732238363398734,-1
0.12240716544704489,4.376782237366782,-1
2.9042965392621367,5.102194224429568,-1
1.0057675304053715,3.0944852199158235,-1
3.729693010951408,2.2931324364247163,-1
6.323483903065336,7.660734657262261,1
8.350053378168468,0.06669992289629167,-1
1.5178575185069665,2.5688403906276793,-1
1.199148261897629,0.7779617292963414,-1
1.2473401508942505,8.908747099179058,1
7.5399052929510235,9.923126535479827,1
7.424260079656531,7.489998239256903,1
4.083909202724239,6.377982149193194,1
3.050612512458076,4.74273377127046,-1
2.8057632868236757,0.3431795605011967,-1
1.9751241236895778,7.127310375861022,-1
0.763368624090579,3.524503298730335,-1
6.778021096784324,6.100064952920643,1
1.604958606185557,4.979212953335609,-1
6.49092360069326,4.64057683106622,1
3.452990542615666,1.149680119726254,-1
0.20651844213446013,2.372246089279537,-1
2.3705522546561895,5.4319832092922375,-1
4.161769347758678,0.5683149129528253,-1
8.75489057451532,3.5416786516494803,1
6.9837233060176365,7.390106008911972,1
8.798781878076513,2.0394317507107553,1
4.873344372312168,7.796503565098868,1
9.174715966199296,8.22244532709076,1
7.513730470451986,0.009130764038072225,-1
4.584092491373673,9.355339847870619,1
7.82722043528291,5.609439215977976,1
8.77489694620082,5.080423291287008,1
4.548241201766779,9.700899299009077,1
2.836528321283981,5.783926550012635,-1
5.362982091061236,3.63168688482134,-1
1.5991409049797867,3.5941506860888053,-1
7.636358181878902,8.323848100202879,1
5.8805000766877455,2.3427448408248264,-1
9.883425211152131,5.252183411609695,1
4.487392641512287,5.196032093683516,-1
3.5454551027743344,1.9490099496758628,-1
6.039383886127644,3.8651539988953862,-1
5.112917832621094,5.0566122138969956,1
4.342642669317636,3.418185460296171,-1
5.52723626991452,3.9519755762384023,-1
9.138281794309055,9.48148665603542,1
8.781911372021053,3.5046597755246687,1
4.022463284519356,0.9873731517888529,-1
9.314350872021958,9.936417085319654,1
8.293984648468166,7.579628654356641,1
4.700332793155715,0.09074558759470386,-1
9.636943071599323,6.2565357482842865,1
0.5978804218270384,7.43782738242569,-1
7.598271422506021,9.338571286540835,1
7.44449141318494,5.581505041275225,1
2.1435044910547827,9.07135966782341,1
6.587364843594946,9.110506358155723,1
8.906643068703264,3.138201368397194,1
5.6711933104190395,7.330159526120239,1
6.842180029106429,1.568465839252302,-1
9.347947855256631,1.0967276987279517,1
4.516830139677693,6.511653478481305,1
6.1423998523556715,6.26757214116325,1
7.820413986459638,4.041818237645927,1
5.762399518484075,0.6948667914771078,-1
4.720052194087085,5.715561748659188,1
9.059047431858652,7.262654993146299,1
5.119245272155823,5.245553936896389,1
1.1349040189604043,2.3693747392031037,-1
7.381456732090319,2.29223992155303,-1
0.6017772395925725,5.325702123535697,-1
3.525930351041351,5.581656561833307,-1
7.072130915377675,6.923542941147016,1
1.7723641168695603,1.7690212132981653,-1
7.398050314272001,1.7064943747713268,-1
7.755004938500356,0.023872004957450343,-1
7.250353971441071,9.261148165792836,1
0.9423318377029544,3.354619585601969,-1
6.844274221927734,0.8963816629979171,-1
1.5979315878811262,6.323201349315023,-1
8.354182402230036,0.9022101651986858,-1
7.114145491338018,3.5232563696638586,1
4.036083566560457,1.586682348538111,-1
8.649045199126922,0.7853991003993599,-1
0.48638323914555137,0.7921431249814559,-1
0.7392517490113304,2.1052377073504127,-1
7.324977476235027,5.347521825772704,1
9.185945929679212,6.72532370634436,1
7.5626182316251365,5.90317788722129,1
6.847835739698269,2.3404151393009034,-1
9.436139935391104,7.57235431602497,1
2.5534547360408233,1.1100309757387716,-1
1.6536009888459124,1.8057712070780962,-1
0.32843017730295965,7.659019599177025,-1
4.008169431912948,6.399685959456657,1
4.087557131796144,7.153134313045043,1
9.2852365067894,7.262358317168797,1
5.682365814983029,6.69139895069817,1
7.396363727059806,9.887634842536688,1
7.852954180028881,1.8158948605509118,-1
7.569199983786113,0.9051876240888546,-1
4.885462797068229,7.023370744881898,1
2.7220825472498458,6.8781458141447835,-1
7.901009510260383,9.40820631031321,1
7.912931179113468,7.688287802069143,1
6.8027356346703085,5.268844585954078,1
8.401611529052358,4.862794092939535,1
3.1226999012105616,2.9127665353661527,-1
0.9718877004239457,0.49272735095099884,-1
9.633192455247748,8.441075673303601,1
8.560224359273306,9.161664948458593,1
4.900313537513425,0.3851663388462301,-1
8.228510598387329,0.230675229009476,-1
5.76786691061206,1.194231884981416,-1
1.5975113366327232,7.377597003697148,-1
5.79522180159426,3.6198337037717776,-1
8.187552777443498,2.40698270747557,1
5.821553739921916,4.21335276746321,1
4.50119630075041,3.469910421493477,-1
3.8404965265694155,6.966044711713294,1
9.541351441761192,7.033830017074687,1
5.682591140285464,0.4084283756241658,-1
6.191100373133196,8.104417487111595,1
4.4627641242840355,8.926647235769194,1
1.598425037024297,8.890283151229674,1
5.8102989407899415,2.2925226163890864,-1
2.067136760466867,5.933008897084111,-1
5.185537837115626,9.392179931072178,1
0.02259368703403486,1.2128677862724135,-1
2.555158086014578,0.9777514621330419,-1
7.225722750404096,2.4606203146508987,-1
8.612109326960985,6.054234281924291,1
7.234527876767053,3.091456726630236,1
4.805462253061509,3.6913498266627744,-1
5.6911889173202965,6.847804350577793,1
7.534587475597595,1.3559249421715336,-1
1.2270218555650592,3.240752567969143,-1
1.674824452996484,6.589467158180158,-1
6.691415986192614,8.400528893009932,1
0.049811448768198874,3.071330210136404,-1
8.942849335401009,9.420558610697782,-1
8.996752879033954,2.5006738533945105,1
8.151184941007342,9.255354966565102,1
9.621849403705415,5.4617436457414765,-1
6.60772552679298,8.244432411651658,-1
1.896460716074987,9.82064844865747,-1
2.5950985741487385,8.3937951218802,1
8.170125426699315,4.016281238197285,1
6.896385766358527,9.283990244292223,-1
7.52296543360286,0.9552173583376655,1
5.053672386677737,0.23355471947150153,-1
4.5779503712197,6.39968420791844,-1
3.533882588053711,2.3872621746563993,1
5.632843219722346,4.352490510131659,-1
1.358528726235596,0.8563541318468937,-1
4.712840788615295,9.875427906325717,-1
9.277748876813497,4.298101506857678,-1
9.90738376072814,2.814622039309649,1
5.1299585263170915,2.627236464281202,-1
9.473991589606118,2.095930048786694,1
9.374589702396086,4.195359415916341,-1
7.591546645292544,5.710887784387467,1
9.394780550310363,9.951466839050003,1
2.273091906312845,0.5614324511178814,-1
0.6919437887064528,8.333870846361703,1
4.422219856709417,3.097810021952937,1
0.19136941622159842,1.9998555615644154,1
9.736111924241968,5.161840506866494,-1
7.358954099427115,4.746018574408225,1
6.3672322516231645,2.0419466111285276,1
6.9885724460692185,8.890750180691867,1
2.963262937422594,8.840274991976276,-1
4.573171350282411,6.884326695731185,-1
6.993316356210654,3.89964997321393,1
1.5582200645209687,4.3018025511675715,1
9.278256825948109,6.055223661668952,1
3.920940629220595,2.9600696221422873,-1
8.113938935835879,8.087551069488573,-1
3.8289641973749577,0.4567450475864343,-1
0.130494474965277,4.103480575643937,1
7.3650305692627285,3.363136441523787,1
2.1509216788301835,5.9591203337475696,-1
5.5883969682732015,4.2922511936540015,-1
2.467726531242583,8.71367185857351,1
5.147942745256121,4.823038787415143,1
7.760925719136248,1.3900632553976733,1
0.5180837898698887,6.859580342236313,1
9.204381525491893,5.573108049045437,1
0.5343069136707079,4.52723029650665,-1
3.8867623528810014,7.061865303356232,-1
6.5399058959403975,1.9780584637361986,1
4.183647184372362,8.897757843532915,1
8.445728423329532,4.234492076591137,-1
5.8666844949008485,2.9559926703256423,1
2.833710568919244,4.5129468799592,-1
2.9654947306370385,5.472329924824716,-1
5.818434645879972,0.5066831346963674,-1
7.687288456917817,8.605322671353733,1
9.833843507068625,9.358873696538408,1
0.3673755297163672,7.799819635503126,-1
8.22474551222382,4.969016886960008,-1
8.275239528127472,1.3064385718941274,1
7.803117615531452,7.850021449240543,-1
7.318476111973534,9.608289028742233,1
8.067412881211851,3.1874152690225745,-1
0.6934996365551049,9.505412138642525,1
7.774777056705813,4.05005615402095,1
8.769219654699828,3.5408391764763647,-1
9.145204452447471,5.833167470281115,-1
2.7623610544129553,8.563491283826306,1
2.9653195505755727,0.8891764903719612,1
2.4986279743691786,4.5252607968440275,1
8.139907479676845,0.5054325975675056,1
6.876763893335983,3.6630597670643605,1
3.684772624456407,3.5115140577175588,1
6.415927629679112,5.878652385077404,-1
5.086429702691885,6.6977437108114035,-1
4.227511803381719,3.419427473955171,1
7.152068647068624,6.0565474467458635,1
7.399539005028842,1.9211652198823526,1
8.779015534404136,7.974208606716646,-1
9.022987692496496,8.051850091455297,1
9.940078766786431,1.9725156629874674,-1
5.471929264790073,1.7061169219189254,1
9.584433515959972,3.9957657455984874,-1
5.345198754123661,6.097009666606706,-1
7.723650911655159,7.097684017739981,-1
5.18925188639027,5.189408611769608,-1
5.513103940685626,5.522082315212103,1
1.4725806153502352,6.1269484315744265,1
4.278096484140939,5.518988768545217,-1
9.46326229016444,8.216434224091033,-1
5.915019306311584,9.043980776230923,1
7.051222826896771,4.6534762448304745,1
0.5651270993618618,6.227021171229361,1
3.5101307207504364,0.10607142837377515,1
3.646392897073997,5.130774449939209,1
5.245234052853112,4.072148494816673,1
0.402845883081141,3.310655963518755,1
7.751179568096171,4.081789502963997,1
3.771422967500971,5.457170450770188,-1
0.4886138878508639,4.133083651650649,-1
0.016479926155272828,9.878638077107976,1
5.9746750167867,1.563660992656133,1
9.04262773177775,9.837898122017547,1
4.595924670125672,6.276529488017923,1
3.23960602672312,0.6550892816556653,1
4.848098610927688,6.5462157880597305,-1
8.70559932661157,9.042189627649185,-1
1.6469785464538778,8.139403053045003,1
2.635588039389487,6.883337716797696,-1
4.2698871084848555,7.768728251792339,-1
1.2845409983310851,5.030749381597949,1
2.1544713222050427,7.02479682924089,1
5.949150329269527,2.449673922339941,-1
9.645569671506653,9.426835793812614,1
4.460058799510351,0.6368542056091553,-1
9.200183997463224,2.5307339186762,-1
2.814767472132782,0.11432313415608908,-1
9.165478862788671,1.1652275530699652,1
5.643056447610108,7.093014287220925,1
8.426426785518068,4.343203754682314,-1
6.95482109629865,0.041728132375836724,-1
4.253200751706831,1.1982835542138193,-1
1.4937666045686293,8.550518025835624,1
9.71657562649532,1.4638335083031229,1
1.7253572185919142,8.138011650767808,1
2.9242222720229663,8.26816713006657,1
7.02265935347406,9.082206226431753,1
5.427251649898253,0.0014654224188526133,-1
2.746138433440841,6.612056626117023,-1
8.819931601523946,9.521047255083298,-1
0.5434800306908305,8.284675540843388,-1
6.323791397063338,8.082106421191916,-1
3.9796547241348845,6.081469038008617,-1
3.2867874139302398,9.192096336224168,-1
0.1742453451404613,9.076556704685178,1
2.4232075605307157,1.5725256373658736,1
0.5462822292981762,9.474781564565646,1
3.4004994263857444,4.844652918867228,-1
7.746640276456983,6.830015843045812,1
5.667825934765975,5.89114238222769,1
8.636564196294254,5.649834089099884,-1
8.375855661747389,9.27376016341455,-1
0.581105061172309,0.8523962393419193,1
3.064388897832808,4.461046313634362,-1
0.2550464966663524,3.6656594851954782,1
9.236622853123379,4.397983918529023,-1
8.780996748888839,6.609016668465037,-1
9.111155862727978,3.765299660389958,-1
1.901496031116514,0.31492439968638486,1
0.8987696876630169,7.3979956146116095,-1
1.3473001074396196,8.078610827179677,-1
2.193325646135389,3.26146378672746,-1
3.9404736513950933,1.3315645014601363,1
6.069363521481207,2.982770033148948,1
2.5256239835919505,4.775188695787797,1
1.476229827152471,8.477219066210163,-1
6.18893974524376,0.425769317581135,1
8.697905895473317,9.864532454401482,-1
2.418077943605683,3.481726838613868,-1
2.2274904435027896,9.054686366617734,-1
2.4800201279291723,4.9793026976821295,1
6.415282583844517,7.1505511870058065,-1
9.687803843331551,8.272143964719028,1
4.8077791867329775,0.181386481903415,1
3.69473304742575,7.172294265783301,-1
7.944815928582573,3.813864878037989,1
5.14804151154949,1.1323072748264873,1
1.9528918474419843,7.487370751336229,1
5.822095122443896,3.0422880663724183,-1
4.385971871651827,2.5264667106269,1
1.2343550225969457,0.6524214836333841,-1
9.166142673340078,0.7125906456231479,-1
9.0554839650464,3.7894519573434327,1
7.798944431023431,6.736744099332972,1
0.07730505111732566,6.263464739108421,1
0.9390706034601837,7.282321479498528,1
2.9889759091058252,9.620831842316502,-1
9.015740850679093,8.918650246000084,1
9.142869356120467,8.883714773952713,1
7.531087662349144,3.8168000330744123,1
4.727968883207964,5.236389854252557,1
2.1253834576679163,3.5780645029279654,-1
6.135845026894383,7.44523655370243,-1
2.316137315039055,4.710431561194326,1
2.1723805295191214,7.4019127272328555,1
8.215005785279404,5.895527511138152,-1
3.996084042030439,3.2027259257391174,1
0.31986276836936334,9.495873314568772,1
4.22642141475589,7.493734581478172,-1
4.513849037747182,9.28416262694052,-1
5.1997479458963465,0.5634653961957914,1
2.1913879607072384,0.12553977343226164,-1
1.2398406310976962,6.827936262827388,-1
4.855132035983585,5.815664216315739,1
4.430735429851831,7.288100988443475,1
2.906910596533846,7.689963338259281,1
8.523510564969945,4.311535131654574,1
6.177897275860751,6.784012078083857,-1
8.12842020565228,3.01749638145415,-1
5.050006181444152,9.580832771581996,1
4.4806108318521245,8.919059284890615,1
9.485648363698813,8.94294036815025,-1
9.841161911800056,8.522199177375958,1
3.9237997421844293,9.966192265509264,-1
2.3237933887194995,6.144073978824203,-1
9.960225068462757,6.952442423795243,1
9.260398480470057,3.220630784618286,1
1.2384771575857745,8.248980174060257,1
0.31505198158666814,4.483570227584556,1
7.509610631353768,5.55666869279004,-1
3.045322238357212,3.186481227675817,1
7.597339860022321,5.008502978335501,1
1.6471742657433086,8.825431023423851,1
5.616515791512021,5.114178796433954,-1
7.799710162150091,2.284023923407342,1
6.913309776373399,7.3275788597626725,-1
7.098561860135572,1.8402332853824754,1
4.576991753659316,1.6993107268037788,-1
8.481495339390214,3.307897537106066,-1
9.183339820386273,8.567356151920775,1
8.894820366175171,2.214019796810691,1
2.7697064797623225,0.481200373935482,1
6.710068231106207,7.905144080184423,-1
9.814869027294163,4.695122990808826,-1
4.321068227361666,0.7871562221610406,1
5.325861697749986,3.680882308090321,-1
3.809793394037494,7.603891421032173,-1
7.519779490821272,7.995655540893262,-1
5.1310128130074215,8.576943600451015,1
0.150643323467321,6.711032694690578,1
2.468263968085944,0.540599005380743,1
8.319913064491072,1.3601836701214476,1
2.9840455592815864,6.965287671368726,1
8.902290857865196,0.23113809744478742,-1
0.9574963261687808,8.463535949427406,1
5.229335653485439,7.09994097322046,1
7.601892807836862,8.707040265903181,1
2.8993763529432237,8.81323877662528,-1
9.002394164233884,7.58056651363767,-1
8.599093862186708,3.2209390032170515,-1
9.1077661572448,0.588718268591153,1
8.699104518119237,7.2918355799847765,-1
3.2478294647726935,4.305863119274313,1
3.7011225219953303,2.9160237626795737,1
1.9704604569223216,1.217672691140751,1
8.898516491654219,5.544824150104261,1
0.6040480931980285,6.786630195159743,1
1.97100913543504,4.155034376686486,1
6.288373876881614,9.806086976796689,1
5.396856177368031,7.826156711933136,-1
4.581930097879885,6.223471072335155,-1
1.3510301344558295,1.4292454887114825,1
9.028114971047785,6.907619383700664,1
8.24980217338299,3.410403486499658,-1
6.804275127526158,8.483012197258322,-1
4.38159796294928,9.590771793860265,1
5.684644037522952,1.983568888557662,-1
2.3618014795770836,2.921950873180732,1
5.198268049334506,9.661551317181615,-1
8.992168711290486,9.181380453784046,1
3.88768347741438,4.011924686471887,1
9.601891259673874,0.034824156363216785,1
1.503021621134919,8.4297873489476,1
2.0813260283675836,5.741773993777085,1
2.1278714853048286,1.6080057025338834,-1
5.401277513020676,9.143375380337503,1
2.096368127148498,9.640761345414493,1
2.303361556538681,4.645853780359408,-1
6.577324709884658,2.257977131412007,1
3.283499050929659,8.049362616035783,1
0.5803306509876494,4.39425270801718,-1
3.712757961624761,5.648443474755443,1
9.732763256679792,1.5401330200836838,1
5.991521033595696,6.142113363992413,1
6.688392226642405,1.566165809061385,-1
8.619832493704406,4.1766816562581806,-1
2.2766012266441313,0.7897493156863844,1
7.216889644503403,6.619038327789394,1
6.962308606239432,2.5339579406112,1
4.3240922600768625,7.972284836196367,-1
9.658092509017493,8.615284563596893,1
0.9888752005141399,6.297356748406729,1
3.941239390588518,2.3842443417636963,1
0.7682721569584361,1.2695794111003478,1
6.659020045242493,3.2765886881050275,1
6.30755526345392,5.058873304470325,-1
4.849054534929994,7.855330186941004,-1
9.74825168142714,1.12117587398045,1
6.372641914008166,1.8338560264337989,1
7.683905164387519,9.441096131246265,1
0.7447497114415191,2.0596692025788155,1
3.2590552009609572,5.049568139321464,-1
6.052686534115791,9.15899769263203,1
3.942192662618943,5.757566282822105,-1
8.540933044912894,2.863419746632884,-1
4.531355165027206,9.722479880114278,-1
0.7655944403063653,6.114365160389415,-1
4.606587326663313,6.172278727036906,1
2.8063265813772764,6.275512848876232,1
7.735230529235694,7.84978506562756,-1
0.22798327493721016,9.977445816202962,-1
8.09482517497453,5.278042934820392,-1
4.966571822164773,1.6942070630811878,-1
9.193641316024683,8.969248931418026,1
6.461954837590493,6.571739037286761,1
6.036759757513426,2.0662360171057825,1
9.58734646219407,0.3868351947008697,1
3.1190101867977926,2.935642289183927,-1
8.501608162663711,6.032292633289204,1
1.6182435902770043,0.24279377349103792,1
4.43739814305623,1.4200619509772083,1
9.706809742076853,2.171249482847214,1
1.738077610814418,8.321192474597336,-1
9.26048248125268,2.268509208912403,1
5.9521098615868295,9.736415349675156,1
5.492172505973444,6.93604072318543,-1
4.509869387602121,1.1418177847709055,1
1.231126489257739,6.638293886572827,-1
1.0515432719416018,5.560015452794083,-1
6.338407902020803,8.726096947371978,-1
6.577814569496526,2.8620595787003045,1
6.496135512674989,8.697591904535589,1
1.4184587257407766,5.46668495462062,-1
5.946057435611284,4.934484283930475,-1
2.626112208171214,4.994513015050161,1
3.6585596352534058,4.900800985687774,1
3.5264611467873106,9.790106250888554,1
2.1599278883801185,4.3659175033746545,1
4.973419531858434,7.8841011875214315,-1
1.6286380089797114,4.108142755389915,-1
4.627800307696598,7.096643793327803,-1
9.079463246302486,9.507823760893817,1
2.65095325488504,8.719665539662966,-1
4.442462911877479,7.491606555851284,1
0.4367843084323564,2.3931525088068204,1
1.7602421939035817,7.527012348179011,1
1.9623935618648247,6.4562060791578935,1
6.790091718036372,3.8781882527320697,-1
9.750688357246043,8.162163721902205,-1
7.6077838626569285,6.235441216829539,1
5.86539496942227,2.0188106840079865,1
8.771439519119248,2.9174646724637254,-1
5.071986306874729,7.375478926408365,-1
1.5436084169488395,0.7266299787895436,1
1.2953253136774834,5.059891071679012,1
0.13353549366087347,1.0177285412002857,1
0.5289030064707512,8.03938786179385,-1
4.110198182112473,2.9922523248124486,1
6.253321687993385,0.4678455772397283,-1
2.750243798144129,1.5848787564885047,-1
8.384706252200758,9.753516679000692,-1
6.237977151595155,9.980656225722246,-1
0.801237689012696,2.821025435323018,-1
3.4223171166785127,6.7871250445515425,1
4.98314153161869,8.236169199533197,1
5.178721703832241,1.4984902772056252,-1
5.697352268335764,5.311358918678727,1
2.9521322998872623,5.130406756216065,1
5.055289131556683,3.2016607311309073,1
4.932937873729813,9.301369486518619,1
5.909017088201544,3.8125824213248882,-1
0.15098775695285394,4.739537863134501,1
6.212585116927319,3.84546038644183,1
4.012728994589639,8.90191720402304,-1
2.143993836007665,3.79496527539422,1
2.5771301548130143,9.769053994794902,1
7.93016706597061,2.3245263150240802,-1
6.413046706826162,1.2229527084903669,-1
6.624912026621452,4.628319716649925,-1
4.389326660221949,8.744102158238757,1
2.819136111791135,9.12246094122991,1
8.43943031771129,2.4471964509019672,1
5.305785282073162,6.369424551446312,1
3.258888407971222,2.1028785046058127,1
8.943153291552868,6.608058633986028,-1
8.473571798709346,5.420627321740209,1
6.682819332183768,5.745536993929484,-1
3.119346165590573,2.6887826029706785,-1
7.724852510235868,3.248128018196106,1
3.8319425670887455,5.71623926257597,-1
1.2543182082770077,0.8506760118385182,-1
0.189182838257842,4.815715966197722,1
4.3190304313854355,1.0281315090260101,-1
9.23503196540963,9.434876114554951,1
6.351524959565982,4.743759445477531,-1
4.577921663197822,0.1304996268921199,-1
9.02952750853512,3.4979859108622033,1
2.3727278396692286,6.126189803611703,1
2.203874536249634,9.898322936949524,-1
3.4580361501482546,4.342857393170512,1
4.95008890620091,2.5285415089588,-1
9.958246322421004,6.748229055097515,-1
4.6733098040855525,5.088722493311235,1
3.76415506166735,1.294615875778622,1
7.771161670002748,7.629287939942086,-1
5.742729506705251,2.2405502858579727,1
7.256003493457335,6.101740125591481,1
6.55441461744815,9.52657905445211,1
6.4626907377312115,6.111881473908936,1
8.082063348730115,1.1107344316716372,-1
5.288091641499823,2.6914311841432847,1
7.716058609757318,6.181390910617831,1
7.861299939602913,8.206357836909028,-1
8.172367162176792,2.0966191756360364,-1
2.207932199808403,6.609793629882987,-1
9.524276032745098,6.116869731504588,-1
0.8169463083725603,1.5548182974872427,-1
6.0297163375737615,2.264547077834911,1
9.981460104539238,6.422312333151981,1
9.116885303218087,7.811957655747683,1
5.573599869946824,0.43207488242477887,1
4.856055552935342,9.343965704545944,1
6.810877421041437,1.451402768276665,1
4.076191312267039,5.25964225558135,1
7.8521857202145355,4.543316335853659,1
4.7692346777308,6.462800040993443,1
1.5723617296771741,1.3860026730316022,1
3.9962368649684166,2.381069928594796,1
8.772295011231474,2.1899513548198044,-1
2.231571661608789,6.210769434644434,-1
7.7542057924234475,9.684449469132181,-1
4.211483869704567,2.4463390994996903,-1
3.8647807087482344,2.9007797524931442,1
5.927229839301167,7.378088618501312,1
5.564251637216765,0.2804238924921054,1
5.689003483511098,1.6370521068478183,1
0.6640354106559598,8.66515040522094,-1
4.390689843669685,0.4176683244195811,-1
1.1504721812636876,2.225034583222847,1
8.057928645610122,7.422991111436964,1
4.276698311689916,3.6227466671657083,-1
4.371997931927893,7.102236055798443,-1
4.1919002303710435,1.5839557194612297,1
5.3361929509124195,5.029962488031004,-1
9.925622565959367,2.6074289442160126,1
6.470400600349311,0.6935127542861064,1
8.848315415596566,5.914936794843588,-1
5.097536500666183,6.1916360751203925,-1
5.04830971351415,4.8874179085814395,-1
8.794986901426933,6.817123173326899,-1
9.111647535659564,5.911298594770498,-1
3.277539605986275,8.32153567529534,-1
7.781251548261791,0.8508581991369779,1
3.3021490173948154,1.967431943343535,1
3.4420341371666097,1.9247101108911824,1
3.1171532679170832,6.7060715048006365,-1
0.6206205135115472,7.152592361454198,-1
5.749893116597743,8.97554895512671,1
0.5431916890495858,4.97389576756529,1
3.253796994619862,5.653751058893029,1
7.47343056857988,9.406246990254466,1
5.1967693764967215,7.734585825365768,1
5.138913938583456,7.319989471563913,-1
5.2622296852909525,9.113889819122322,-1
7.1833014882093895,6.740581766963693,-1
5.849575475826293,6.1643800282676615,-1
5.975909221380354,8.316526694998856,-1
6.691261125218178,7.771203154170008,-1
7.142030627396203,5.371557497913062,1
7.2821288941615325,8.408219094792177,-1
8.374995170353438,3.1763099772804315,-1
9.077405074280131,2.7320506209227813,1
6.02832315357643,7.4550857178761625,1
3.7598206756943284,0.9198395106771451,-1
3.697243019355736,6.908329296378417,1
7.446540205291115,5.394203017463561,1
9.573859172277402,3.7182898851832844,-1
0.8080891742375762,6.924315598985187,1
7.538106441585958,4.593191656221975,1
3.7208720783069738,0.4805406646160071,1
3.1717593425922477,7.238152624820779,1
9.590580310311607,7.784513275997779,-1
9.116459864556019,9.460515665391839,1
8.5272702807333,0.911735401729763,1
2.4700062936451497,2.2313736390076064,1
0.7324850773295388,1.644886059567231,-1
9.627624725409799,8.742819108997445,1
4.897780036726891,0.26960361587974213,-1
4.140006265446862,9.380464915436571,1
9.819954074237305,1.8781885678856425,-1
0.965194115673943,8.35183929794876,-1
7.943326742266641,2.9428485923131764,-1
0.7841884038914004,5.666909532370855,1
5.947984254278041,9.167361267340498,1
5.847581142219887,0.9601428117623412,-1
2.4501467753015547,5.619129256181264,1
7.760839449143123,4.231302613526645,1
7.428162029807169,6.22187411646944,-1
0.9750816425627229,8.376572929597776,-1
0.7614005348538688,0.8897221703352287,-1
1.3555078759425054,5.637488526436927,1
3.335275632907313,5.10100931091153,-1
4.8979532119933875,1.7454660516374487,1
6.344181208205867,1.422968710205782,1
1.419052077517332,1.3385037964920332,1
0.1238453161645281,5.708914531259341,-1
0.5483342721409112,3.687187747587437,-1
8.988417394547792,8.633166977814234,-1
8.284876211924226,8.247475092138046,1
2.735587226619618,0.9674326561337854,-1
7.315566052415814,2.1016605395920838,-1
1.6772529775480216,9.855803374239107,-1
7.6663183426929855,2.2141719589082784,-1
0.22377204646702675,4.573205579560523,-1
4.7595192790800525,8.820946566103768,1
9.058601738140105,4.538401357208878,-1
7.538203187188374,4.60145473611833,1
6.459326411600895,1.7356630549665564,1
9.930585736863433,6.932825169558817,1
9.332423434079791,8.501179578814583,1
4.182474539661855,5.007311592125695,1
1.8765194884182812,2.720373768703376,1
4.652302539568542,2.4157075439570743,1
0.6186621812743942,3.2049154995268236,-1
5.305131772859567,9.610700686449729,1
8.371080534876288,7.69279202322968,1
7.3395792113573535,9.17796305331412,-1
7.841097078353055,2.1395802691402164,1
8.196337522784704,1.3974341330550066,-1
3.1649289043154303,9.788409577584433,-1
9.596367997813807,7.325996781783235,1
9.372538972867556,0.5009743780220288,1
0.057016477879526795,1.1532452830663997,1
5.554161558514654,5.084871266929083,1
1.550789015641485,3.2454868966014483,1
9.950298235709363,1.5683516537524966,1
4.039796010879568,5.020450410105143,-1
7.125112176241104,7.2934121756176316,1
9.671911173838998,2.833323514197402,1
0.9355275975915822,1.9015814773391526,-1
1.1456008773049975,7.860050976586486,1
1.4414251242886933,3.4150795676881716,-1
5.0914884621304966,3.926764832303631,1
4.752880981652493,6.1736034136761795,-1
0.7550469154688366,6.203734263685172,1
1.4459480480838038,4.1616666113852965,1
1.9290419121625946,6.585842912652717,-1
4.135716239780748,4.450044583189277,-1
6.020742758110009,4.506159290602828,-1
2.9661244259257047,3.6364520877133666,-1
5.45582549946947,4.650739087246576,1
1.1311217286876274,2.055416086571733,-1
6.994934447489526,0.11864876493342669,1
4.656261854028071,3.4855224953310007,-1
3.0312479289885697,2.046084033064093,1
6.353860576139021,5.124760999034099,1
6.092153156303062,0.0458364214521223,1
1.4194133242992024,1.1804881797080957,-1
4.805032723318096,3.055490186553804,1
9.928184404138298,0.6484365734272513,1
8.183828095489972,0.5627852154627222,-1
2.468593335255753,2.2113717569527402,1
3.281886378027795,8.948819571555068,1
8.26719846220301,9.172820131638275,-1
0.3650839683762419,2.8567882678714476,-1
2.6960355299374794,6.607997951790071,1
8.129120370094107,1.222942060172597,1
7.617091987897218,7.580590542574704,-1
1.459531719112045,8.574047245655494,1
6.566581549296706,0.7731595537170932,1
4.0423075765839025,2.27242122703448,1
4.287363024398449,9.573130100021126,1
9.161385434170475,0.8919780243604591,1
9.601429179345683,3.824621559934479,1
6.253650917922803,1.3845480493506956,-1
9.075293027465262,6.132850191575568,1
0.5360730287469739,1.1102237818195893,-1
8.914713248305903,3.113566585022017,-1
4.2862934138744855,4.219792474352319,1
5.211540791616396,3.348877296603472,-1
7.347627367843802,6.6983606650443805,1
8.661185967709963,8.928860142169256,-1
4.808416818244769,9.559919632796033,-1
3.817147146576713,1.6801207653482053,1
8.831546500020677,6.530312555302568,1
2.0256334493519024,5.2491709909437905,1
4.946178916957912,8.07462503694253,1
0.46056430256995684,2.6874540166123992,1
2.234545372577564,3.4184495703414006,1
0.5160547062478349,1.3372881733124797,1
3.484663572164518,5.3083573584018655,1
1.34215308654968,9.612116615233186,-1
0.7115666329591197,0.7865383632845391,1
2.9849497811805206,6.042535932899225,1
7.1210770042576685,2.2433573383121996,1
5.387194770914951,8.800222172222504,1
9.774409656417756,9.422252462652589,1
0.4830908846665072,3.172804922300445,1
1.1684084136854311,0.8601254757301724,1
5.962876813014932,6.2709097164872105,1
2.8275060908454765,4.041185873694889,-1
1.1029803869790922,1.4759817366420613,-1
5.838697950681584,5.541662706988921,1
9.319078019887105,6.979847467669549,-1
8.602742794366115,1.558619086741968,1
7.672874393376454,8.091872457081115,-1
1.1408969764562304,9.34025421561964,1
3.250116145966487,3.57541963166238,1
8.375258407750641,4.007448830866554,-1
5.841385097504766,4.81641357990398,1
1.9559818642473048,7.067881850463852,1
0.3987913549008393,3.745524698077969,1
9.511144854465943,9.514839045743651,-1
7.328871380178549,4.717762159600911,1
0.24698241396275855,3.3671571162387814,1
3.9755586016750923,0.4513585088668659,-1
6.516080051477514,0.16531943746354805,1
3.8880524235643144,1.8085748966062098,1
5.345035665617154,7.896957384787507,1
7.550413026242623,8.46535148145604,1
0.6025945817355549,2.7701439176790243,1
0.7213209693341238,1.1258710430369734,-1
6.948398297088772,9.189458561244084,-1
0.39922157396121705,8.58129991508786,1
6.774580018682245,9.028559423594327,-1
4.07393813045277,7.664337496545963,-1
5.039346141179372,0.9653057093888284,1
1.09498507731139,9.168053618772724,-1
8.695849202549471,0.3093745160108996,1
1.1220195228237073,0.965624248334187,-1
1.1772084141296146,9.050728567290555,1
2.533842548603098,9.081072468909756,1
7.259980026666147,7.4446633129622946,-1
5.135457025759669,4.543643310737085,1
2.223815011481994,3.5916194174242024,1
2.3514783140449333,0.1349570555018742,1
5.863797697982229,3.9254532550746726,1
3.157921958302914,6.788623705304929,-1
4.367172096852359,9.187579650109274,1
7.416561635940347,3.558023788136613,1
6.279635705199925,6.074817400086755,-1
2.316541561764155,1.1523977871381375,1
7.189232122152655,3.2739832413485184,-1
9.097686505421853,3.7579128959716925,1
8.255644877030864,5.555643282295216,1
6.239255529424861,1.7827435919784618,1
2.33590887526397,8.532796735879003,-1
5.9135578531996575,2.5350016127733532,1
6.693200238144728,9.871956265364721,1
5.185581932121902,4.953260610439113,1
0.8251023130649859,3.1489024800083443,-1
4.203051718886535,7.645224264287628,-1
9.941746137378189,0.5773866461823496,-1
2.863394430984113,6.584098232340546,1
3.112938033415803,8.97394435569291,-1
0.5984013521122644,4.85989547344878,-1
5.345390841102341,9.526822696766185,1
3.183572348752197,5.557742698491044,1
1.1029650823797155,2.2597953825179253,-1
7.921140913975816,3.9168990923885083,-1
9.169742200449358,0.25077878467261283,-1
7.78362457154312,1.4483297126608496,-1
1.2771602116865244,8.290463726530145,1
0.8538765063078091,4.815860086646495,1
8.343842183987986,5.935584095524042,-1
7.3907433880215745,3.21748627707699,-1
7.664995349675773,7.4552509786408026,-1
7.58645624188617,2.21448775927953,1
5.7659359090708655,0.4301748683703943,-1
7.1263865119592795,1.0537597514921504,1
9.001284165672182,0.8931286515640002,1
2.495880976892729,1.5845133324368188,-1
4.51739171196378,3.281457635975306,-1
5.673227226167159,3.0568224619474726,1
9.880917395547034,3.1296655911104176,-1
2.8071333215444016,7.4377326996780795,1
3.0695700747987456,5.431148486316473,-1
5.938544567848856,0.09665238767565087,1
1.5296763893134635,9.243832829193087,-1
4.926081092346251,5.271045282426545,1
5.4201948921288325,6.0156278814419295,1
2.469494613107599,7.671323313545299,1
4.888445761911032,5.00870262815388,-1
6.18934993428054,3.9912646188724663,-1
9.76576517584629,7.901586533718611,1
6.993114679068938,0.2653415575930218,-1
7.649802544551435,3.8759079023365297,-1
6.927169018844506,6.141427224993223,1
7.926212368981849,9.363620814852323,-1
0.925185109670954,7.775792082428495,-1
7.77914696502005,1.232866284656905,1
7.954743045302006,9.189146984930044,1
2.1019915096260124,8.846757804126446,-1
3.874886366574909,6.887396454305308,-1
5.465889585849669,1.6705423062158486,-1
2.599041693131544,6.0522629981716545,1
0.02565806345844135,0.9791776738716917,1
8.104243111685266,3.6608559195158588,1
3.4613266824707667,6.1831090948486525,1
8.837112688937447,5.597058265133585,-1
2.453034980769525,5.843032355224469,-1
3.3522635380201162,6.972326354561908,-1
8.527025237357865,7.425104444759746,-1
2.7270699777461758,7.2113062971301645,1
0.7114880210033592,5.512343057362741,1
5.251226611601085,9.93024240057505,1
4.9110785852048044,9.735008051924435,1
9.485873080408512,6.990051372816525,-1
8.078309325699983,4.9385028255852115,1
0.22586159544812245,2.8649563691961086,1
3.8266915400396972,6.11292332373316,1
6.447458901519514,0.5803102628162504,1
3.784195376130376,0.8277594148177347,-1
8.293838024698438,3.3507677086379664,-1
9.626738523788337,0.00871120309230089,-1
5.558870326972851,4.508682931197291,-1
3.654268707046735,7.784698319333142,1
7.750061252969891,4.203082710534993,-1
3.4281281358646885,4.2556295656527565,-1
8.370131030900266,2.343190860790727,1
4.185096464925557,7.929842224200412,1
1.4874549361588263,3.4496942240047126,-1
6.858089853968369,5.998928420234354,1
4.38647834659904,9.392420121447984,-1
7.798600579935195,3.9857244856590968,1
7.04586860005226,4.733846136460807,1
9.271764420054268,5.477720294831179,1
1.3760197050749945,9.925094934688076,-1
4.0291390295861484,9.558801018257558,1
6.473239919195427,6.469584966305247,1
7.002961331706969,4.918995181180174,-1
0.9619860191851215,6.445944237327835,-1
0.7084265920525301,8.477567719134276,1
9.4295247151393,0.13886795922101292,1
6.229824009499505,5.219087873372027,-1
8.735347491951641,9.444784786840877,1
3.516532492200306,0.5047398856746521,-1
8.75709070601679,7.753941471113038,1
7.062002230287781,9.720232654973255,-1
0.23462615555875477,3.8897419043864434,1
0.2619883029330128,0.831617939258924,1
0.030510762741037256,5.713544288436024,-1
6.281368331927785,7.482272280713701,1
6.651138804133767,3.3387044066793115,1
5.544799366408187,5.644184409822169,-1
4.405580265447181,7.899472963406295,-1
2.727060934993213,3.960044728942782,-1
1.6311377664195714,8.404510888830352,1
4.165193860166193,3.1729143311622043,-1
0.14027457383857467,2.2449820006546615,-1
2.9902429790018745,3.9347651224858815,-1
4.326728664144577,0.02367016829630586,1
1.8436911184577187,1.3121355602601137,-1
4.047252763136385,4.571014552473485,1
0.9618376069828327,4.486353374411726,-1
2.4342929761236687,6.037798628227278,1
3.3446843263799253,5.932397660321768,-1
1.0710515837573464,5.470186902710411,1
3.477129190873537,3.7716280718389825,1
5.902598600459159,4.9680642587697745,1
9.496938763498958,2.6055150565615417,-1
0.758206643728031,0.4207016647834383,1
2.4594293282774817,3.8404541562733585,1
3.566688834805538,3.1712004433417507,1
1.2712551782284576,5.51625906250716,-1
7.888223299056847,6.670437172721285,1
7.011161097059258,2.8870487784805867,-1
6.948772897341357,2.7015048471371417,-1
3.9918308239551346,1.0310647192302536,1
7.317044389113343,1.4292459491163856,1
1.3776778680126234,9.098987994493841,1
1.967563157026343,1.2157463163126836,-1
9.54042649784111,9.473494254124953,-1
7.179267379802714,3.8089445702865774,1
2.0150950266263146,1.9145978680657194,-1
3.9041413817924475,6.721679721154356,-1
2.696104482370955,5.903674385026249,-1
7.098536986552829,8.007540633362138,1
6.246822326746861,2.8458281934484484,-1
0.12463757999231162,9.98895079615557,1
1.2395903396226904,8.320788974065088,1
1.1015537243690732,7.8713370553104625,-1
4.932536840030968,1.5289951069177843,1
2.8311958592945654,8.117078237535708,1
3.4717739601882425,7.972560948526476,1
0.7133400500692211,5.421159821189731,-1
9.729082502516881,9.264598069405016,1
5.259472707728479,6.446268034661572,1
9.715769392797446,2.227437267521358,1
5.907410457172927,0.46405670990807835,-1
0.7427915010497044,8.103468475553813,1
1.4947604702378425,6.035030630338615,1
6.6139115662058074,8.154291798400466,-1
3.4893973239021845,7.337627436532652,-1
9.12460626357592,2.040519476634428,1
3.7852010840126837,3.695224137010691,1
3.8549908052504076,6.474000042464945,1
1.8446042035796628,5.424766442626766,-1
6.787901885434834,9.288450287658772,1
5.567165333233888,2.915491295638616,1
8.9250665240813,5.243378965077347,1
4.496180100425532,8.039580129918257,1
2.6632437118897156,0.23133889168998945,-1
2.4248566729142365,5.64848110241087,1
8.423329273577128,3.867161867460905,-1
1.8732086248850566,2.039957911703257,-1
0.1541984542062924,0.8432642634911269,1
0.6935202881804248,0.5858633132174018,1
6.560647793723128,9.381509784495186,1
8.369003354608015,1.7058845561487812,1
3.8955037047966967,9.437498521490454,-1
9.34614986165957,3.5884304146027466,-1
5.322668742636635,2.0479023337732705,-1
1.4973820772000945,1.2336140672540452,1
2.8150159783457305,8.111629524899199,-1
8.111522551490175,4.848716037947148,-1
7.302706805988661,2.2645341731410076,-1
5.515516647676158,7.990512405937016,1
0.9166353731661381,8.936696716496524,-1
5.841813920102691,7.840359492744252,-1
3.6846742292706014,7.102553650226879,1
9.74773313579712,4.843726085952546,-1
1.1173706748411194,3.2654974090337365,-1
7.179148066917477,6.574009877121874,-1
6.88565541363115,5.728329481423716,1
3.608655924646053,0.7982540840557817,-1
9.918603595420786,1.0505002999447233,-1
6.611875311880987,2.5085631687878296,1
7.8137620433343935,8.520915880421212,1
1.1706132106283018,6.269893233624172,1
8.806104269840386,7.93543305944413,1
0.8423879250194699,1.8540796265345905,-1
4.613820944897959,3.623995783278431,-1
4.6784004009299585,6.31832661682091,-1
5.328765919396822,7.019953460846521,-1
5.0193964127790185,9.784404713810016,1
2.6530467190968707,1.9284231714577704,1
5.013534376224876,6.920330914855799,-1
1.0413822023681618,7.128135316466965,-1
6.337950518133622,3.3411217363686543,1
4.838497840954706,2.9699962425952684,-1
3.744683355183498,1.33738734490496,-1
1.6830188506381039,1.3413463426258465,1
0.2678716348966925,9.513738937747801,-1
1.3261118515129589,1.2551316806884738,-1
4.142112244890744,4.013795342640085,-1
8.283832853806429,9.125475243562548,-1
2.9380639792520915,8.924211861588695,1
3.49713632830826,0.5998370955877741,1
7.8754429191016095,4.828295202735128,-1
0.5283631177460901,4.497350520226346,1
3.2917167036244277,6.184577212426409,1
3.5566109070114873,9.638797433080587,-1
0.2160018387021878,9.264444546432397,-1
5.344169478344326,5.755474531785008,1
3.146952758838909,5.056825165132976,1
3.67393423698661,1.4116747319451972,1
5.3263149357431585,9.080892676957625,1
2.1640163977921656,3.485318510646712,-1
4.356951628187151,1.4053990265369898,-1
2.3659464929650986,3.3837052115454225,1
7.747624583935794,0.2697012323192305,-1
0.5113000542505908,0.6039431124287076,-1
2.5188192206680595,1.9492216010382024,-1
2.7132086200206853,7.7285009300096625,1
9.41069090373469,7.43615724718527,-1
6.756188020290809,6.8528998938108,1
5.935843965449,7.786589065529031,1
4.511257253336013,9.249909476332048,1
6.6650016651926265,2.426175286942802,1
9.641968398013045,6.232771171584127,-1
2.765460542832281,8.705731762250275,-1
8.106300639022223,0.14404289791926872,1
9.840745607189929,8.638526696426513,-1
8.009659173057424,1.358124967188159,1
2.9553801522240297,2.6758592289962935,1
0.8339111745183592,7.916650594208909,1
6.610071108862972,5.505392292027081,1
5.709857998864479,2.630836250418993,-1
8.80082248783526,9.38613497298601,1
1.4655691530253434,9.207371923376607,1
5.213647050038254,3.8899666345469672,1
1.2409806912286092,1.1393430044192532,1
2.2324136103507985,0.4099973336707796,1
3.3503235598997785,6.489940646953332,-1
8.143815289754105,3.6187755173095484,-1
9.264384198822086,0.36055258680864233,1
7.12399289397775,3.827665552631406,1
6.717650334942903,1.6178441551146616,-1
5.657571777261625,2.857100797650461,-1
2.257931019115611,0.563385066477935,-1
3.453802738801123,7.679955336909325,-1
6.196342148254024,9.32343962948493,1
2.5815935727857617,5.179732067540331,1
5.951843617001881,3.1717667529412843,-1
0.9323278348684283,1.0120810201996133,1
7.669222910340374,4.761555230686428,1
0.0874745995229742,4.5040999628301845,1
7.378246688535226,5.362404564884983,-1
2.583705221912609,5.368116766748613,1
0.17049358298426465,4.462053071244341,-1
7.081016924328621,2.9061487630246505,-1
7.5011498001751065,6.360742987306599,1
2.6371171156839113,0.9465955051792951,1
9.687280030029076,5.462507040984069,1
1.0123233471267856,9.21443407404048,1
1.3377322754347876,0.9436087870204224,-1
2.3083407275692327,4.21339575880004,-1
0.85330503859252,8.15113397712007,-1
6.202773665722608,0.6118771274134849,-1
6.309613076555749,4.152651813058782,-1
1.8716490616520953,5.18511411075015,-1
1.7082073268451248,4.907988557369519,-1
7.3269190740711405,3.527212175103741,-1
6.922051601592535,5.8726089615907275,1
5.091354147015603,9.827030370428508,1
9.023140384223499,7.54036163335703,1
0.12060840303829035,7.420039130259162,-1
1.8213892333375203,3.955111502075815,1
5.669899642766433,3.0413072141989117,-1
3.429443414825857,6.90616296829938,-1
1.3561119142046563,0.03235854768320334,1
7.219876516351611,4.613669605531635,1
5.3151801720079686,1.3166381908707991,-1
1.3898309327586456,9.415323362846037,-1
0.7633747243915234,3.4303052094823228,-1
7.49287943863144,3.7784057402160256,1
7.187042905050783,6.109097366557319,1
1.2442462354541417,1.8520017071286554,-1
3.92961638847823,4.386418013750656,-1
4.684087364180623,4.832984406526018,1
9.390071810578513,5.385375588597329,-1
2.6527122104798195,5.008377660751626,1
5.9590397721589845,6.290744558812142,1
0.9771423431042003,6.346601144034442,1
0.6140012276640749,9.43760686944375,1
0.862922551869334,0.7327237640969086,-1
0.6199420317953863,3.812076343090227,1
9.085019457765323,0.4238854475209253,1
0.9065202912374803,3.3605668961218593,-1
7.870046126287279,1.8286469884189194,1
0.5177148839235546,6.295735703370155,1
3.098313355434267,9.674746729507758,1
4.3494838226267465,7.471767168792482,-1
7.459887402899437,9.326520505828789,1
3.1910967889300865,7.221039957845815,-1
8.576139956208056,7.928586130519301,1
3.5217213506325598,3.3059682717370076,1
7.91171354235871,2.5965471252527337,-1
3.5454475185150325,2.886660998299729,1
5.521413975548166,2.324643495674068,-1
7.558339187186326,3.0194302858444533,-1
2.4530952409392937,6.409799031816372,1
2.8510007831168602,6.388841453867128,1
9.706630546230267,5.134644722015888,-1
5.417810837901605,5.909047219753225,1
4.6619166090507,8.300662628201348,1
9.009085812359563,3.8419278222096254,1
2.6352087159397843,1.549711731991672,1
8.642628549319337,8.800660365860905,1
6.302000113073341,4.494776924209062,-1
2.439148192809254,8.601818835479497,-1
2.2574114686468416,3.6440434114502818,1
8.327712088826308,0.40512503162834723,1
5.260518841681706,2.9613213556470352,1
4.339876085872387,3.0396791746580067,-1
9.322307400389981,7.940747033922278,-1
4.6199549073189115,6.1100936649586295,1
3.593103451236174,4.114241752234484,1
6.187741962604708,8.816437962365887,1
9.357320194872456,1.703202018910005,-1
9.051969227895862,0.40811011952312515,-1
0.8366908402714734,2.491388719425145,-1
6.245852776355455,3.3777696132255643,-1
4.274450546423026,6.436704443927258,-1
7.376823138334072,0.042942509121571826,-1
0.2979349160173661,2.9544404224122287,-1
5.241589493028075,6.006421639870072,-1
0.593163490096511,9.653644760932346,1
5.613626797643039,6.267839342042554,-1
6.188388742650139,8.367458650319278,1
2.6907817418412963,6.348504130891172,-1
6.680417015357402,9.685536406970941,1
1.4899356518817541,5.184630437638845,1
5.945971227204745,2.222736359947092,1
0.7791874071378202,5.9564469651571175,1
5.770078598681585,9.681955384335811,-1
5.535710446192166,4.647093274204287,1
6.714468141451974,8.162561179346582,1
1.7683109659722218,4.212913438658417,1
3.7908352679579216,1.8325976593873683,1
1.5607713946968382,0.25687186162056674,1
8.87014348420298,3.0288856115805185,1
2.2061948213360294,8.455942304205253,-1
6.959788663025629,9.587929675510159,-1
7.618391215477908,5.237661595236924,-1
0.357739800067286,0.3407508126576808,-1
7.659932291286355,9.394460366980766,1
0.9835772566208778,3.4525943187940578,1
6.2077850254276115,3.3793412094418693,-1
3.114426410834623,6.557675381635501,1
3.023907973985062,4.1098186167244695,1
2.4276844285198287,2.0818534248758658,-1
2.318670239889192,0.7631703000030932,-1
0.5926119648910411,0.9769670217649229,1
