7.7013395104116364,4.207109763275051,1
8.685948082539426,5.155206858617189,1
5.7336640461783634,3.0453766649296368,-1
0.23934276204222948,6.905718010503909,-1
3.1133689494034655,1.4491651791252735,-1
6.9932937378740645,6.391735991782546,1
3.646483352216973,4.789624984475158,-1
8.011261415790118,7.501417664997131,1
0.7081703579570031,1.020325710802803,-1
5.320128798363254,5.364764379150305,1
5.668027946101964,7.481700516092894,1
9.618795406583757,5.401520617156466,1
3.515858280511288,0.15761068085818564,-1
5.131104397390221,3.424599318266929,-1
4.767410465043191,4.071726091102641,-1
1.003535083064111,4.428126611337936,-1
1.9483464961503671,8.761609699714173,1
3.138276928106458,4.588210683891127,-1
7.882686206763289,9.953213259066636,1
0.36043884950726635,4.859863478803055,-1
8.0548476046175,4.266741251263651,1
6.076062447070971,8.097351128433791,1
9.886718244092872,6.872403094979333,1
2.303396902973336,7.94867763022123,1
2.7233931135683873,5.121267503009305,-1
5.122019979284755,4.11256286231496,-1
0.4144790920688679,3.5817486787475774,-1
6.952493113746614,5.341916634556462,1
8.361180265775607,0.3355426504044068,-1
1.521870967741027,6.266049554514222,-1
4.4454090629801595,2.36422806964823,-1
1.7858294067643798,8.86636862862601,1
1.7313529814643536,0.857294995132124,-1
4.73368958740407,0.6655589216940805,-1
2.42663351960005,7.76987403471807,1
9.106667188443902,1.4450277323616811,1
4.647226403319377,4.014052580201708,-1
1.6330068136650622,3.1550036777441792,-1
6.089084366810239,5.2568546538877445,1
9.098414022221355,7.749781191810965,1
8.567538882227435,8.19381965061809,1
0.3497923714307394,2.0393990123444414,-1
4.910731690803574,6.564006781667436,1
2.764736660640877,8.71564834277692,1
5.812616245447479,3.1063713675522298,-1
0.4362554752762171,9.061962994329708,-1
4.360799209482602,1.4824329819098958,-1
6.467465309898178,7.209061388817625,1
0.4982830577387598,1.5845639975214476,-1
1.8818133236389445,6.759529295117269,-1
9.689925440689109,4.688047653164636,1
9.563138174198434,3.8894689913380454,1
0.6369723424976237,0.8266000060706402,-1
2.523236252637684,5.2016457366115665,-1
6.325187700886751,5.493881948782599,1
6.116875733225773,5.849642711262239,1
6.629155241696354,3.7680208446032504,1
3.8437851374889376,6.700876176858037,1
2.216183124312281,2.962259649740613,-1
0.58831326945334,9.598855631145625,1
6.210257459906807,5.7888889862860085,1
6.657537409974232,3.7808837966539564,1
9.484771303328586,5.102702405075813,1
5.980212694771457,6.704570530415937,1
4.267848967120099,3.9551064543176153,-1
3.182899825745734,7.933299100916314,1
9.582261283994619,2.0931030155619093,1
0.37611699810143007,1.4947670012092285,-1
2.26612470969651,4.2315212726047955,-1
9.788580422801752,4.462543230240048,1
6.030986044025649,1.717677271145468,-1
6.401670404553216,5.878238981654153,1
1.9859479113048695,4.97675854323426,-1
9.368171078111068,9.165918218419408,1
6.378400777119547,7.8800511430269,1
0.12690812434582255,0.8499548095923803,-1
2.3394644758088425,2.161949707496312,-1
0.34784854535317544,8.366778754758963,-1
4.560529043304019,5.971150811532305,1
9.524582229339057,2.293797019005157,1
5.402786709882637,5.668447482355604,1
9.945190105045565,5.841096783368554,1
2.0507691228147618,8.372228877285863,1
0.27815110809255694,7.221708938322099,-1
0.8663038066709339,8.835443360401193,-1
9.769172619222084,1.328733438316675,1
4.324472751983901,8.502336036287359,1
1.3590799678198873,5.869764357113186,-1
1.6895435996350494,1.1287076934346785,-1
2.598812223390643,1.1683852038903686,-1
8.036617914006294,0.28484533807969004,-1
2.017065490121892,5.342035867486791,-1
6.210467266007357,9.435011658977576,1
9.117057672942828,6.6978139363374805,1
7.335862659352297,9.604504485972708,1
7.049784826579374,5.398901317540716,1
5.517833055012451,4.161659266292938,-1
7.938945293126821,0.02045348306540129,-1
6.528023262434211,6.86262735172679,1
2.8676556379556106,3.437012478489093,-1
7.709006819194521,8.926657559144989,1
7.832635795145969,0.7903116621053774,-1
9.355682798781622,0.5641649329374654,-1
9.392594462844174,4.303261633910916,1
7.564604259580222,9.091710852460942,1
5.510873834983036,2.9507807987382675,-1
9.840539327870628,3.755410243407191,1
1.1008024162103924,8.930735767122139,1
8.361399140250988,0.7774721293362241,-1
3.2148144435427106,3.9814352972791878,-1
0.02205266545054707,9.413121291923762,-1
0.568772581065039,2.1864702531219837,-1
0.7107305193464264,4.203633453154873,-1
0.8078506557188891,9.168739144940895,-1
1.7022997227068748,7.736592654130117,-1
4.677321739152701,0.5271427284632235,-1
6.950804857605677,0.47933106932601777,-1
1.8075348237429367,8.676084866238307,1
4.2060037799844565,2.009457793043272,-1
5.366233966063469,1.103834605104762,-1
9.172862948185593,2.517223527253891,1
5.192682651583231,3.628369929678492,-1
7.130387762810008,6.778919013117779,1
0.6495362219143053,7.58762388116891,-1
6.605751622113658,7.489958985424475,1
0.9987570632392284,1.7941070361974132,-1
7.337873698602706,2.7458321987998136,1
7.677542896020336,3.1461363446225388,1
5.611877860438391,8.927451971067917,1
8.345099725111938,0.7135985863913641,-1
7.967674363185599,4.0988341750657415,1
1.691455879550614,0.44649345093127124,-1
0.9877888362666609,6.371693447958682,-1
3.287886544777252,3.283972694729985,-1
8.064951372313926,4.125899755405782,1
6.058808552055657,0.38918224366895626,-1
5.971884460209735,5.678614425986877,1
3.985950549310502,2.944614033972197,-1
4.331196008663727,2.988119980489903,-1
2.502483768271424,1.1254727660191477,-1
2.4891128332677304,0.20797271231121184,-1
5.909144964813172,7.336549407817213,1
8.00335476217328,2.1678101468194964,1
7.114617067836699,6.91935311683592,1
2.0653770057745557,9.306230445180384,1
8.512078798023207,8.369630416252171,1
7.641372617971093,9.473658570433546,1
8.318448059573594,1.4284408820430305,-1
9.758438332995125,8.196232478753519,1
8.655131391617388,2.053220004715699,1
7.148787433998139,9.93573293162619,1
7.087785826415992,5.434145234752991,1
2.5478179969871153,1.485634409390465,-1
8.66755002780155,1.173563181575602,-1
8.191732829992075,6.8574789509906005,1
1.3569795624757175,8.957617217627142,1
9.510770595621636,1.2061278634771733,1
7.194921703478099,7.791607247514859,1
6.634875556417498,5.617108342246064,1
6.131575132679901,2.6997093142382877,-1
1.7858279554760614,8.481367007593011,1
6.0589861870554405,3.867971850380899,-1
5.037119675241589,2.0038704163288292,-1
5.598200639767502,2.6800937072352014,-1
0.07019787005430489,3.5322001279911652,-1
7.770785940300574,3.719487310594818,1
1.6530620029347054,2.149938804848175,-1
7.785842818664335,8.574712715637657,1
7.866759462114849,3.252451664958995,1
9.885452118605789,7.067667747573098,1
2.1787883415572873,2.9146550570992513,-1
1.4024991803589693,4.604780480353352,-1
3.395853872626813,8.696982382734243,1
9.83665051724485,7.142932388725195,1
9.054854135294613,9.360715136909404,1
7.695014423034995,4.793102659214179,1
0.6343569025244522,1.2738454847418756,-1
4.723057222992173,9.85829264053159,1
4.877390053906508,2.062166163240499,-1
2.044206434540513,0.6012233756997387,-1
5.868361519505622,8.26851083174785,1
9.470793671627506,9.430927545407018,1
5.912547384612184,6.2325134981520245,1
8.052734576848117,5.504667474804105,1
0.806984494196864,2.5736838542514375,-1
8.256842378407866,4.305253192849089,1
1.6987590068638525,9.203541197329553,1
0.6058043311546846,6.761142274285668,-1
2.116043351569148,7.637471347888276,-1
7.2556185454224496,9.135293859953016,1
2.853400259687675,6.402143510833826,-1
8.633585592364312,3.065208196580481,1
0.703152375527003,2.761372649088573,-1
8.077254881900918,7.737344541326593,1
6.106916345521648,9.096040288128709,1
1.5107284629638384,7.871173136978934,-1
6.114232567044446,8.724153057127864,1
5.41504884965256,7.501263466410708,1
8.414954204361813,7.298564884860097,1
0.6831136843498864,2.326395678760138,-1
9.568689355921569,2.900572265638864,1
3.047907130066293,7.021624992311749,1
3.7412685286282277,4.248834030463998,-1
8.682371419016318,0.12163671468396142,-1
9.52339993133997,3.838031797884579,1
0.7307246698760328,1.7373709699962747,-1
0.7472745081245902,3.499217105720591,-1
3.3801644058781455,6.172225902501564,-1
5.181693748710183,3.6271291751561874,-1
4.168597620724323,7.745984676480553,1
1.2189190245271853,7.812827013238078,-1
7.976176766340794,1.1939300204225212,-1
5.723833350448485,7.856061447617131,1
0.77630118395982,4.795998553910681,-1
9.00111303231171,1.0061732555908343,1
9.349487870304943,0.7292381188882036,1
8.626451129245623,9.880299499442406,1
3.391421821981375,4.763497505533624,-1
8.420549894207719,1.419451471984181,-1
8.334906535325135,8.589472444664324,1
6.98364710741174,2.5719022630993535,-1
3.2720025283154266,3.4644763879374905,-1
5.877286643481162,1.305962462881134,-1
3.557852961087833,2.720353988253319,-1
2.1021427569013262,4.413208675667571,-1
5.695260067757393,5.615435631710332,1
7.012259251008327,3.9658978893864183,1
7.06857688326746,0.026901032279832426,-1
4.633555261832275,9.079298830943005,1
4.357958417260026,6.833298685738604,1
2.253442750628374,0.9101414775683514,-1
0.4845788515130023,1.1546639505207112,-1
8.668607566773494,8.570204539475718,1
8.841185579162756,1.5250142641408415,1
8.329377863032231,3.9722469251388324,1
1.7080758834082188,7.063235394976514,-1
2.1566008269886905,7.761460259180348,-1
1.145791155265925,9.577113462000948,1
9.380303480546324,1.5706471505285013,1
1.673347078378673,0.44525072007384314,-1
8.032258263404607,8.943986873756153,1
8.933671916781542,8.4620105911524,1
4.060246760387337,0.1654363747980392,-1
3.975419069105526,9.998704506447432,1
1.5394040385985353,2.459544141862583,-1
3.3699643123422773,8.68944609634148,1
8.075949684265066,8.983292636246047,1
1.343152810685596,3.4930869543843954,-1
1.0759421077890818,2.886059461711578,-1
3.170466582164372,9.546921018557752,1
4.451808715838288,2.9199029436580815,-1
5.871107938355325,3.8592051404722127,-1
1.7273280371580113,4.200448010868802,-1
7.47050274542291,9.080364358859681,1
8.12327137377625,3.885141551857193,1
0.9922720240034755,0.23583895423242907,-1
2.005604965567913,3.906311825636133,-1
0.8479998003552935,6.630269423816912,-1
5.122300178235697,2.587462999460514,-1
1.2452490556844353,0.2799763456742377,-1
2.444810899460391,9.595113819100488,1
1.5662751161561217,2.0088457977045096,-1
9.450590789278284,9.262484315440041,1
7.67215243841275,5.636233617870481,1
8.789032915801162,8.421440713396306,1
1.2946453432067984,4.235307356090053,-1
2.9909828188510845,3.50613618769915,-1
4.519680786921545,8.798609359619055,1
3.0444213756483007,7.156917852923966,1
1.2171524130223466,2.5515425230333086,-1
0.6044411633673452,9.619435740571578,1
1.8329106637192072,1.872709086030483,-1
3.1298298430388294,5.477643273827861,-1
6.232676224039135,0.26692486969925766,-1
6.211495415577369,1.626898862263233,-1
7.137361800613116,3.4867843640130225,1
8.995972888354261,3.6924561196765158,1
5.20741873018573,3.562470559107249,-1
5.510421089952285,7.57092819154205,1
6.53286121983218,0.04188895817063609,-1
8.392158381661977,5.217727022328587,1
5.006952356395885,7.2912215584171,1
7.734514161633182,0.4899411314834845,-1
6.384396975269585,1.8099810994735877,-1
6.35933888082243,3.0541157645554637,-1
5.991509321457044,7.186602445846404,1
4.166453268460664,1.7224024175682118,-1
7.200946631036178,4.302282858650748,1
8.110107003881577,6.701366995754889,1
1.4841583009543713,3.8413664747425305,-1
0.378828391210857,0.26273763234855196,-1
8.114803910760253,4.115089615711332,1
3.5916596644951007,1.1520183490520897,-1
3.2015554724483,2.053446020400301,-1
3.6520092877482946,0.9319871180064787,-1
7.799245084270855,8.016146554455716,1
3.207868255334448,3.2689773604627925,-1
8.999774809800257,8.641562253972166,1
6.33542675835289,2.462244031979277,-1
3.850874607751874,7.345239069291795,1
0.5579907180661003,4.430399852061623,-1
8.249804472524609,7.771524878571425,1
7.041155998238264,6.224944251593355,1
8.374763785660774,0.18808452670458942,-1
0.4563123902017219,8.679580940945318,-1
8.631670595346835,8.300888292681151,1
1.4137285535241584,2.0817786241618776,-1
0.5748076151889125,3.749170754682871,-1
9.02118072286261,5.68559221992111,1
8.322317570098122,6.10736363653972,1
5.2404172779630995,5.478828527756615,1
4.316975635043782,7.968435372768644,1
3.463326008241243,5.942594623733195,-1
5.441841866610499,0.1941252869548138,-1
0.49842419825152806,0.6296117660359191,-1
8.831236086242653,2.843892024349751,1
1.906660616079513,6.140756917720179,-1
0.011566518576623386,0.5014990148435572,-1
9.46199182127364,4.865192899219313,1
2.7653274603088485,8.371411425558765,1
2.49990412772925,7.909650673990022,1
4.063885974168774,6.406682037814813,1
9.137982351254403,0.8535320276593539,-1
6.523444430523009,8.90858564784566,1
8.673985179400743,2.258645339195721,1
2.1915938501824406,7.146582751683594,-1
4.902694811190988,5.36694660147501,1
0.8069373552712666,6.621439645577665,-1
6.916155342327464,6.35323297919774,1
0.6220471784677728,9.159646397004911,-1
9.40980776323089,6.745565553228969,1
4.1038873212283535,3.613757387277211,-1
7.558723825576207,2.4579294636990126,1
8.807734169176783,2.226844953354461,1
6.654186836838135,6.966017491453709,1
8.404797765044776,0.552605906084539,-1
0.5836809525526909,4.043087524448255,-1
0.5863644901303688,2.3098517764333204,-1
1.7487540679398472,1.9373588206604386,-1
5.489912153092613,3.601840088821633,-1
2.4750822164540907,0.8798592588478138,-1
4.280751114389999,1.4263032594209446,-1
9.76437099168303,3.8173109115628066,1
6.876729725105121,1.3956477924467336,-1
1.354085939385643,6.746550914385679,-1
8.707409273517847,8.999803873563408,1
3.3049987274088255,6.0152186736254105,-1
1.0369144341768755,9.182929517156284,1
4.203043340800633,5.82300393292221,1
3.1073924247218407,8.70343723495177,1
3.753046364830843,2.409101778128393,-1
1.9205961814440609,9.183284982199947,1
3.9764602124655,5.7668352109314736,-1
5.385556137143536,4.455327740208413,-1
7.3563623513440515,1.0859679386416066,-1
4.407908385656686,3.8964570567772316,-1
8.171875179247438,2.7012310345022614,1
4.594414082363043,0.6014412374800604,-1
1.430597371185588,0.9973424760335725,-1
8.977229194290905,0.4197826297455032,-1
0.9693767354725125,9.250436955348968,1
8.90151751124913,8.9225152658717,1
2.919567501887328,1.128362441564278,-1
1.6261367675298788,7.616382603445534,-1
9.655190728103138,2.144635908633025,1
9.673444339483607,2.1367309922975752,1
2.7860212013033294,0.09341433602270355,-1
3.9020119085397864,8.35400028755395,1
2.1643740168930323,2.2938329004876024,-1
3.042558127479873,8.519770847515847,1
4.267371946841646,9.850521628328405,1
9.858960272631053,3.513876390248165,1
9.603664356390679,1.0481535859279456,1
9.046476420545563,6.685238559013848,1
6.7612902931654855,6.329746379199538,1
9.102980819138766,2.261690672070771,1
0.8575005944554415,0.9449085168246529,-1
1.9537766973916681,3.2675861967333972,-1
9.699826004001437,1.4358734933555561,1
2.4061692854435988,9.398654583222795,1
0.21979744525526423,0.16757372541184035,-1
4.679454472488968,7.233538857468538,1
2.338531156546071,5.191993364968878,-1
7.891545728852889,8.206046891619323,1
1.3523063433583637,7.426461330772969,-1
5.573690735607691,9.536453494678337,1
7.775638940802616,9.08699294427546,1
5.357774836235755,1.9005018621272263,-1
1.269744460858484,1.6031099668898496,-1
9.675961187912668,5.779069543612078,1
6.258449616481398,2.482664685595144,-1
0.8820313225190812,1.4894557612957326,-1
7.6606975597864135,7.405886383055529,1
2.5771380404093067,6.747052830209249,-1
7.989368613810578,8.051334484550315,1
9.749252329444806,9.081415580468885,1
2.026908362001091,0.5991716607175501,-1
6.778520382092443,6.985587761581501,1
5.834074371186862,0.34454243864256995,-1
5.119875664714209,1.790381162124034,-1
4.614509044270476,9.5859427032811,1
6.696412727961065,2.4405513995278625,-1
6.1974627328767395,8.179345620231475,1
8.924038043575242,3.4141324132890727,1
7.376307294016495,8.969542339005107,1
7.577088444788932,4.58401140286637,1
7.707897197480139,7.642672791950947,1
5.925683284137676,9.21708803646904,1
9.739616119319917,9.066025150587757,1
4.280078554902076,2.638595698303564,-1
7.659967840885677,0.15668191467647308,-1
6.295495729170522,8.415284801405155,1
5.350736704882361,8.07695022663276,1
2.345188681257703,0.719723521444029,-1
5.980183843623542,5.389744040787564,1
6.40270914696344,6.762372766153684,1
9.355980668748995,2.6232780849681205,1
8.845722324959391,6.417121763967616,1
1.6566846358266285,7.008487442722647,-1
6.7547834526444,2.8960480651496945,-1
8.631259711629044,3.424091589780552,1
0.9877005496241309,2.5086815504626205,-1
1.90410920505251,5.811518591551028,-1
2.019090267098753,7.4944951514205895,-1
1.6640602196138443,0.4260908559826737,-1
5.765151758789857,8.869237494108178,1
3.2063156142919236,6.431102776140801,-1
6.18246234461656,1.0477861582509784,-1
4.360566517180068,5.884669304296617,1
3.8998871011421556,7.2226001388588115,1
2.7179302735682196,8.456988236137947,1
4.895183227739908,5.020991660935346,-1
5.343104763799914,5.980316561759105,1
7.090953154159627,1.7209532208974776,-1
2.8466904505484836,5.193765946475276,-1
4.779738378757284,6.067953109856595,1
0.7485039633131352,4.668256085387328,-1
8.411587770888866,7.849589187257873,1
1.0888321415332003,1.1751396890778132,-1
2.0786776281152775,2.5519736362576295,-1
0.5934992908721448,7.672347299131056,-1
4.927948769276863,9.375050130615625,1
5.378053250750678,5.060967202391641,1
5.665739315733955,2.647794656724365,-1
8.887958505327072,2.979841118820503,1
1.7785260468620323,9.541210171197553,1
2.21524959992497,7.911158501002692,1
7.712686934945571,3.229308054275907,1
1.337099541176383,9.868222947752718,1
3.585394476159265,2.0542180628640394,-1
3.1893145865283365,0.8833417052195613,-1
6.105661731116938,6.5245811290805555,1
1.3177112778934574,7.224118962169066,-1
4.824444640896475,6.427337153955131,1
3.9306064944528796,1.8269473499833755,-1
6.399228745195287,5.730509938404388,1
0.946079659559762,4.396374519776682,-1
3.9194499893207793,3.331064515676881,-1
0.0774676105376404,3.211007283316972,-1
4.279007595965023,8.015356471518139,1
5.11934865672621,9.040679230551646,1
7.911269560749597,9.302016305103834,1
4.585758575950494,4.91481691030927,-1
2.658876505922806,2.581082714690359,-1
8.917492663615015,0.28854014124796157,-1
5.561043198336436,5.487988514379527,1
7.384385774206662,7.369171148631733,1
2.417947183621645,8.85537803355726,1
0.8100101615540123,0.6934808966343398,-1
5.302723066041032,7.342526723718146,1
8.70017029358604,5.342124597249206,1
4.180358615984277,5.137758257168601,-1
6.27239715858495,3.391467614088619,-1
9.743644146084872,4.765075818508527,1
3.4607904495288553,6.629104264714334,1
2.7514262626020516,5.487072064844654,-1
8.736920630818013,9.036714228975496,1
0.8591504133461025,8.383667114621385,-1
3.693449393287226,6.349775837075061,1
9.398143454962419,6.990694571333083,1
9.455124151984322,4.878572778602415,1
8.423104459832398,1.9326964927106571,1
9.201917771678431,3.810410208176629,1
0.10068961735767767,3.4138101212593144,-1
0.3105025803967909,2.687578962112469,-1
4.971414559662026,0.9449572074221524,-1
0.4347106573116033,8.741867521842577,-1
0.47662546422501006,9.213002999312392,-1
3.992933556179876,7.328988129617943,1
4.434453835146841,5.766846419084073,1
2.732734372783293,1.0564627668797166,-1
0.5742230957838024,3.5385160091611034,-1
4.518864986777791,8.649460352428708,1
8.489400249240948,6.615999252199849,1
9.743697809677327,4.311005770063,1
1.8523120111427505,8.771953532908425,1
6.853183626092446,4.240643282208854,1
9.890711499199117,4.223482515800646,1
8.477646380459813,0.40639873959398054,-1
4.904765373296579,1.0169108389262083,-1
5.08254830246554,8.361167615544025,1
5.745441818738975,6.52478749581678,1
7.9079615845691675,0.19875951724807384,-1
5.634448996026354,7.945746275258168,1
4.760828343285484,5.376142902212672,1
5.880393029726058,2.166337433010457,-1
8.986903769069635,2.1751332766044995,1
8.103033547136677,9.165871703349843,1
6.43144603628704,2.2308743083940863,-1
2.706834972777151,9.251239082468894,1
3.781902303981919,3.536566672135929,-1
9.831758054085613,7.9236077364143656,1
9.50894000195709,9.797193883853083,1
7.380179389026873,4.983944544781226,1
7.068328355984397,3.8558750682726517,1
6.5352052031946775,0.19278447278061384,-1
0.4203299030753438,3.604174344131177,-1
0.6830247112815457,6.126533903455787,-1
0.20407222384226875,8.068114124141063,-1
9.688980480218005,3.3968636654406925,1
6.152067313206762,9.231079529333844,1
9.124658420109325,2.8690249935586998,1
6.581002577277507,8.839400189225396,1
6.460739161491005,4.8293456031893545,1
0.7228983659903832,2.125618035851641,-1
5.086431027265262,1.7639566533364914,-1
1.401090049272835,2.809068785669475,-1
7.622600443892946,9.324062577945643,1
5.774580685809999,3.0318402382977228,-1
3.522880903599248,7.43269743403392,1
5.0518009260644465,3.283997368241096,-1
6.166886281139496,9.18455112257299,1
2.4684463309140336,6.381254053631969,-1
5.4982910533984395,4.009274678975947,-1
9.249369352437274,0.28805162090357883,-1
1.3712615080864876,1.5350329582665645,-1
3.3092099578113885,0.14584466428494425,-1
6.256970714772518,4.060777319044078,1
2.9131092385249624,3.742748292142174,-1
3.123666076549627,7.372558105211419,1
0.6279487431005393,2.219247550234469,-1
9.627736830470909,1.8006395458172442,1
7.163196231664834,8.21247337879926,1
5.3344147038415475,9.583078236273147,1
0.8518855452806362,9.63845878237389,1
7.523664252822991,7.561814017849534,1
3.002932568420894,7.35550248910358,1
5.331175241131546,0.14875252159008423,-1
2.1172141934625666,6.896644815043544,-1
0.2859730869137267,9.742496715149612,1
8.410993439831373,4.909714770256307,1
7.160599043953923,1.4942594040407031,-1
5.435266692264281,8.5770470225719,1
3.1923962468685563,8.398344524070477,1
1.7750193226834698,6.9290767201806736,-1
8.112545561120765,4.391599236704304,1
6.49360531306963,1.736802673605019,-1
8.021277389528297,1.0445109224459082,-1
4.300013319259262,9.836541650916983,1
7.545095785861741,1.9592786493366532,-1
7.703142302769955,8.826784871172531,1
9.81659339897135,4.866689747823729,1
2.281377155100367,5.7211684044847155,-1
3.199339896674551,9.355594416527914,1
2.100872048798438,6.293968623379409,-1
4.870078896090795,9.746105471256648,1
9.368457232051359,0.009728921142204694,-1
9.256723497760772,5.7569647978004514,1
2.465448268984912,5.26840022557228,-1
9.39990008739729,5.3092406168368855,1
3.5976566650066544,1.120185302799107,-1
6.171522284769867,7.535185639672909,1
7.421637910735468,9.62581338776241,1
6.531290186199153,7.226889785546834,1
5.035516559764207,9.95235764240855,1
3.802286829237352,0.08251280537826755,-1
1.0394072156566891,4.921573102621414,-1
2.637753807928397,6.077702436569571,-1
8.5094289579934,3.437151262434195,1
1.8082902928832612,8.357833147478722,1
0.9661207807252936,6.0899151011961274,-1
7.822975021370498,7.393189592214866,1
7.763347498214802,5.836827012523034,1
9.727950918548299,5.334825029255272,1
7.394167532715298,6.012124614340708,1
0.9604858625861035,6.662050678567947,-1
2.2490000553565292,7.284839129459165,-1
7.808214546384895,4.53594016196589,1
3.01574010872888,8.026554697410647,1
1.9740227790540998,3.1576399679495526,-1
4.976091579338828,0.4859447309032072,-1
2.6749316484263974,8.386982420918718,1
3.691175859071735,2.5369526532295286,-1
0.8891197163371689,8.56346051668196,-1
6.168042543725074,6.208241870899062,1
7.609036010135578,6.3953478541553395,1
1.7771881550916557,0.8341280884123226,-1
6.522003513416655,9.523362439601543,1
1.641119395434093,1.4037632179091697,-1
6.965364016731402,5.592387417653978,1
6.601163479425841,0.043595588801004226,-1
4.0077281802311,1.6413743833899985,-1
8.429935206685494,0.5847490311620629,-1
3.5462739303881365,0.779028480406001,-1
4.467743919736615,0.9989242557964984,-1
3.6303483295275685,7.205393685768762,1
0.15054289732699844,4.0540122083663785,-1
9.059745843599915,3.55941551413103,1
0.6606589402714669,8.548626794130106,-1
2.755109008364529,4.8261353865647845,-1
9.119562023843134,1.149703997179815,1
6.502810644773466,4.442563803718793,1
7.244933990868013,5.99758469539662,1
4.697861371743278,2.4702419162604485,-1
7.58320010208579,9.756086580595092,1
8.386112418878426,8.53008896832441,1
6.3666578270154,4.884931271718065,1
7.853284752657416,9.304575041147555,1
2.9529394937796685,8.1300565118818,1
1.186622176906319,2.3139061650587447,-1
1.8548179304070356,5.885964203188903,-1
0.5622215191175872,9.044335064266232,-1
6.717022920449476,6.562884793598252,1
0.9992822030938098,9.563898971844107,1
9.61834469128784,1.9141977242593367,1
2.445832989401895,5.3451225018905895,-1
0.765205310009649,4.6702727627030995,-1
4.420118098132015,7.1914872293600896,1
2.6604555608764224,3.3403041001900835,-1
1.4224787510278813,3.66515300402267,-1
6.391836339544623,3.245268214404903,-1
4.20789611246279,1.1176895633672534,-1
4.112463259134676,9.518113159535625,1
0.9293750700732506,5.441522950092482,-1
1.1278598413924978,2.6929327911630585,-1
5.382732200716706,0.8796396892652325,-1
4.223671254639326,9.002214391495194,1
3.795467301941918,8.953576006346527,1
9.61451246069988,2.748691184295401,1
2.0236737457059784,6.844703027905847,-1
4.7582153718995635,5.324861449353238,1
4.155831719288194,9.144687444001766,1
1.1049005251198585,1.2798853600061455,-1
3.978958882038225,3.1538714935361867,-1
2.9539578133218694,5.916874731307154,-1
7.81760757529672,9.18662257942448,1
0.9132164711979007,9.76276088099702,1
2.6631590277835757,5.3131706903221785,-1
6.6397930296976995,5.49429598607874,1
4.355673648762231,0.2553320389974323,-1
5.220546099374262,0.5266888281249249,-1
4.594417814865713,3.2023087668724903,-1
4.998343926418563,6.076545237028456,1
7.993858681917077,9.975397048309826,1
8.515696589361939,7.804583760916357,1
5.3337815934527875,6.971541480188709,1
7.3374218603846195,4.021345628680555,1
0.7088928731291666,4.589925447953971,-1
3.062272957579981,7.8876327230950825,1
1.2697795859052874,2.701267066509364,-1
8.142572433103785,1.6239535060045007,-1
9.454163694246194,3.0749075882670054,1
5.189220848737435,2.759744602956075,-1
4.843513746041976,6.761297202863798,1
8.393822954920863,6.1660511409915415,1
8.196626900091848,0.404101593276216,-1
6.189600079798023,2.008875442754009,-1
1.0816876238321804,6.552925088341146,-1
1.1648001615446102,7.623490794055173,-1
9.808018645426946,1.484783767627591,1
4.144752906962842,4.343000477415082,-1
5.980971417015293,3.5142422440317276,-1
2.699934520116897,2.188762634185477,-1
8.3146778441995,9.268601447719666,1
6.178377369895713,3.2438618465768276,-1
4.650452278207233,1.0396471011516195,-1
7.3962011980816476,6.144518545643015,1
8.316053405976367,4.305124828904628,1
2.9146619762720096,1.791807638858034,-1
0.0433768036111748,9.903232919773261,-1
6.905672141466772,3.0399802766062347,-1
3.403958836460921,6.007122747615457,-1
2.687797838061934,7.068031013595809,-1
4.989454441739275,0.8235061739336846,-1
9.544954287964067,0.9228093793616587,1
0.3860054094225185,7.412381403401761,-1
1.1333736039842313,6.2184432315901175,-1
1.2989193277992228,9.531439508706077,1
4.796885998489923,6.712040891837271,1
0.47402814604877275,9.760863260806813,1
1.4242944885845632,9.16677815746147,1
8.260935329299915,4.424257359286433,1
7.9662751059950585,3.198783275430954,1
0.40915345427758876,5.416803829878552,-1
0.26235997931649324,5.056946439575879,-1
9.689194310878372,4.512195751255252,1
9.65608871998483,6.7243808519685,1
6.42357756529091,1.090752798640754,-1
3.98983349589391,9.033466592470695,1
0.9468989295034891,1.50861311075835,-1
0.8489660255544929,1.3275708543581244,-1
1.8671545502108533,3.8992576310206695,-1
1.8323076599360755,1.5672245572041998,-1
4.95010170652539,8.708144204257321,1
8.472804981605512,7.536657445856134,1
3.805785914395509,9.12941728815061,1
5.436144818271426,7.678859794666037,1
1.8936738166827394,1.9780197989170678,-1
4.216274734537491,1.489108086536901,-1
1.3639633559316755,7.3090505611303485,-1
8.894122011732046,4.840520232763854,1
3.653362719119988,8.193988912259197,1
7.156601746550731,6.723064978275205,1
6.9435307560841375,3.6619848546860476,1
8.303873664682657,2.6679498387327314,1
7.649975207846907,5.348808490106933,1
5.358301542784204,0.9871378758110727,-1
9.236407786876521,1.3279821231538846,1
8.733365887319271,9.554648234807132,1
2.025790385165881,7.195479942174376,-1
2.6848276567372373,1.9315658051210916,-1
4.779926469536325,5.666164185618144,1
2.8443298354200164,5.058330904147329,-1
7.912171943616198,7.172966116074894,1
0.509330756785844,0.21190190979886392,-1
8.593988932528605,0.5749106037325591,-1
4.036737262001717,8.824330689412198,1
6.016574416506328,3.4394450623775743,-1
3.343877968969655,3.6490654065792683,-1
0.9115443964618175,1.8959751561207439,-1
2.135696617469107,1.7170574263183824,-1
6.243797849003556,5.805964897486348,1
7.121082035447969,4.234203807342477,1
6.765467710933837,4.181453572933151,1
0.1623037271821115,0.32161914767487865,-1
5.170298705430957,0.7549522636759709,-1
4.8930336984385026,7.574048767883798,1
8.075466239051636,9.3419113869788,1
0.7057643710355066,1.0581294015058762,-1
8.64127466701051,6.791334684668671,1
8.839243379517043,4.118261432918061,1
9.155576399612729,0.37151522193798026,-1
4.83194479968737,7.843433617353935,1
9.887423484678038,4.251301308363233,1
7.763462108449456,7.989597486925471,1
1.1440574702079698,9.889412522357434,1
6.348122859075808,3.283976464795221,-1
6.045591452662881,2.56084848724763,-1
7.435522434735705,1.952739662398939,-1
7.967597943119106,8.847140991980059,1
9.306783743948518,3.353589116380915,1
8.740698816077106,8.247833276245888,1
0.2368279039776755,2.5384768129426205,-1
4.08837235496767,2.4910823086535494,-1
0.5701478425886031,6.646837632372046,-1
5.05961145482696,3.800129245920678,-1
3.493866104760517,8.607573199504033,1
0.44242081623073637,8.90057580096481,-1
2.812364246157766,1.3994181056778532,-1
3.1965881839784203,9.51145206434611,1
5.409116966608442,0.17613041623411374,-1
1.5805246124292094,7.910080033555679,-1
0.33378696973448085,6.143186291974079,-1
3.8035204530281863,0.997318245822526,-1
1.9139252220503,7.690430738462282,-1
3.6214275141435124,0.01882254034413111,-1
2.676095004461383,7.386576909107323,1
3.95239495185833,2.4814303733493928,-1
0.6285712610321625,7.653745157124207,-1
0.4808906348245001,2.559325747209118,-1
2.1371828179247387,2.88233053283655,-1
7.205192100398254,6.0610607425449246,1
0.016239744631636466,3.389317761066298,-1
0.8576196506545031,8.190480021954144,-1
5.494726291117273,3.8437920401569903,-1
2.0379144062307306,2.100845760490352,-1
3.597629668690552,3.7561074621407275,-1
8.986399703269688,5.4493717911022985,1
6.036434585139432,2.1204771638163034,-1
2.8682250818468935,2.554030434083412,-1
2.5839520880043363,2.9377388564501694,-1
5.751652561067577,7.346818536171491,1
7.336442759801711,2.9110578691453917,1
6.678458980301678,4.96154769485866,1
7.262678134517682,3.9100117939707424,1
7.949237107438744,6.125151974156891,1
0.40428866495671567,1.8123733291315447,-1
7.577806145095105,2.538103715026938,1
9.346818653546944,1.518834668468907,1
9.414990598374525,0.05872422366383301,-1
8.878640247512953,9.337562506855516,1
7.567176728804316,5.224520132048377,1
7.827981590895622,9.098679531787495,1
3.2339469433778065,8.564480161489493,1
9.641999124617406,1.638880611316288,1
3.6725718625909467,6.033491078828741,-1
2.634842848327045,0.9723794490856685,-1
7.905880172844953,1.2885790521472351,-1
8.042438958148407,5.057677823625845,1
2.0871646784780227,3.2627337713362,-1
3.3674263223704903,5.582249046755974,-1
1.9292413138389686,0.5781362167302562,-1
9.385778775228768,2.5776789058753415,1
9.728250216652052,4.951010484229602,1
6.439422811337843,1.8528983088922835,-1
5.873385681502795,8.955514645134992,1
0.9815191452633765,4.671282481497688,-1
7.95272544039174,4.939909238950852,1
7.8687581900395545,0.06374529772104842,-1
7.343841263647648,0.2175629319451755,-1
5.868224995330099,9.891074489045362,1
8.924163188703748,9.669647588716192,1
3.4959605022801012,0.8421003673738836,-1
2.9334105228794405,8.256015367062496,1
6.60714071557151,5.789953671380933,1
5.60681839721584,4.343688087260318,-1
4.5774425267828756,9.69565649169078,1
6.693520655969825,1.136484270736191,-1
0.5897503852073716,2.5118054137905865,-1
1.1008382060903565,1.265775333499104,-1
3.2543643997745586,4.318202243710943,-1
4.337313665605159,4.865723978878451,-1
5.866993892503246,9.441400028993543,1
5.28432099212173,4.4297886138518034,-1
7.768760973774173,9.334333521966776,1
6.207476021090567,3.1101015391797593,-1
0.38162796416163824,1.2132165214092638,-1
6.548122027406906,6.231713095540357,1
4.944487259908578,2.1928102530996374,-1
6.947915161771294,1.420263350431764,-1
3.3728198796348785,1.2223414518881603,-1
4.809862642369919,4.008955488055532,-1
2.201668123835349,4.091792440146882,-1
9.557475482835674,3.5783021160069692,1
6.943647041788507,3.2169175529626983,1
2.822322250223197,2.564872252714574,-1
5.71484617031031,5.592022559142128,1
9.220011311756958,6.547895476469238,1
4.546700461138463,4.402799770252363,-1
1.6563681180993806,7.649091744341643,-1
1.7369898138282835,7.522626287201071,-1
4.910132320464714,0.12942446715315303,-1
5.6862994447376645,8.701833067691112,1
9.131695315895954,9.782699365932594,1
1.337149359770583,6.16194681409426,-1
4.529533481616221,0.28662046032215227,-1
0.5765853450784653,6.709444528828402,-1
7.322173573517007,0.1471325526384426,-1
0.7872978007244325,4.339793350523367,-1
1.2133796458839174,5.60726554029239,-1
3.4082229839800524,6.068478362645146,-1
1.8815074892360883,8.942983501401766,1
7.8180251741363085,2.828868723841965,1
1.8229608056744129,1.05709546320226,-1
0.8570328548461781,3.5358737518036456,-1
3.3460852006249366,6.876511299703881,1
5.849963556377622,6.298902732870132,1
9.015767714540742,4.362199246165601,1
9.211460850981737,5.711643755968673,1
3.2068366362304968,0.7219506156421296,-1
8.91182862765844,0.296874636291915,-1
7.810165698594213,7.028256345907204,1
0.011745393130275783,6.313453566401613,-1
9.92529976221483,5.46444561556466,1
6.163754519557107,9.116358358990123,1
2.716705691244293,7.396204336956971,1
9.871071574226805,6.318319621246503,1
4.643699038505019,0.2182886111230009,-1
3.200500940373728,0.9034125586562669,-1
5.570827351844639,9.722774319390927,1
2.45237189667355,4.59965670667648,-1
7.7498751061097995,4.8256712757701905,1
9.86588845092287,3.466327085049854,1
4.69154218264312,1.1201242154330582,-1
9.948950142196049,1.1652990163714583,1
3.5717078115047887,4.633867358342222,-1
6.304693605524777,8.834398772050418,1
5.404993814718217,5.989515321458415,1
3.2628765990804265,2.9107003026694054,-1
1.6669816370735213,6.148886723589969,-1
2.3706728821686998,8.871895920503897,1
3.4031558171018683,2.2809231198914004,-1
7.909858588365143,9.356232325399187,1
7.3338836127367415,9.276967752072716,1
4.975476074806069,0.2864185688973442,-1
7.697154280437468,8.528284833985408,1
3.2643610357314836,8.700468240169606,1
8.369266095578224,5.2922481028130575,1
1.7000920255706942,6.442817909483951,-1
1.6600366948979528,1.5203354079149556,-1
2.907790065785032,5.436192765358708,-1
8.047705213337968,1.1342871818549527,-1
3.3305730093879182,1.3906219091314076,-1
1.694418838858267,5.630681578092194,-1
2.7105761590416497,8.441853167797852,1
7.7349171055864705,9.992382243839554,1
8.526464853414936,5.718930101367883,1
6.755386162236972,4.69049321005912,1
8.704212118533171,4.210221042570012,1
5.835183091752848,1.0925952347607693,-1
0.5436589605372388,0.3749300254333221,-1
5.500406551412543,6.215185571124373,1
4.518763970546593,9.285103474178467,1
7.021996134165622,8.035783896496598,1
4.8303373020646925,3.773524801290271,-1
0.5724073294816145,7.123795141940335,-1
5.048570914541085,1.3436196543757195,-1
3.0362656235629046,2.3035069124440124,-1
9.56292252545362,1.4457142665752054,1
0.1692916142146994,8.104867491979737,-1
3.2492671358466607,9.8759377536836,1
0.4270964803832278,6.929265042411458,-1
1.3455920442623803,5.958868964630758,-1
1.9382657897065048,9.88886488094235,1
6.797989233480406,3.46966229639996,1
2.059300516584636,1.071614463890913,-1
0.3575871978313472,6.64236591368277,-1
0.48063419103451244,4.22853863303179,-1
7.051623174920571,0.4440347892823804,-1
9.246024644994616,0.7692865082520683,1
8.176511557511324,2.4342693063266587,1
3.115439300212736,6.758858911012454,-1
7.343217973854421,9.596133768491534,1
1.8048426321190514,3.222849485572672,-1
5.694553821177935,1.6335910532794762,-1
4.273803972615687,5.535516770251214,-1
7.197797891845075,3.093451739187263,1
7.517610793551351,9.27610468415433,1
9.759656642237957,4.292588181191301,1
7.796888399139997,1.3732905132031115,-1
2.215004359577899,3.3373485938538017,-1
1.350565295909194,1.3460937395301242,-1
8.598591623896608,4.3981579616031885,1
6.076194352762404,9.785860707642277,1
5.36518925638117,8.536006453777608,1
0.14967887122829593,8.394744724961656,-1
5.02026850009501,9.332739368671653,1
4.085797766553753,2.22455255848189,-1
4.549301304292269,4.414602064486001,-1
4.481402782910334,2.3491614857988563,-1
0.5717746472523522,5.129739404815523,-1
3.4029711136577334,7.801468390692587,1
9.443340362639837,6.08279558934909,1
9.263933807668273,9.999920976080768,1
5.624458982922161,5.952829480331804,1
4.720037605632265,9.48383644668363,1
7.96860943358231,9.304709591036728,1
4.594910888834476,0.17987528222581095,-1
1.6449507645685324,4.299770895984434,-1
7.8826234931568715,7.165830756568978,1
1.908631246684721,2.531315365972061,-1
3.368208252825112,7.685072087844698,1
2.1866605711708376,2.1389122548152564,-1
9.939490753095118,5.976018781246163,1
4.380045711621694,6.861497353223472,1
8.797852941696997,0.848697134871178,-1
9.17624675869471,1.6860585798568128,1
4.920859080303216,9.593573928039431,1
1.637777828468393,6.395489202127516,-1
0.43565974597789436,9.409594399725655,-1
2.644254959540092,0.8001906764712197,-1
3.165770880836163,8.873260734785443,1
8.385434024865306,4.195244162312651,1
5.248474384048773,0.3336980394968747,-1
9.547385927866564,8.479941122469675,1
9.120483928120517,6.62200091934615,1
0.8587423551885409,0.6815236192912311,-1
8.461081692671364,1.6395585982599636,1
3.562647625270685,9.828097541615392,1
4.22049424571362,2.1300920126795795,-1
0.7287785280417014,6.356257664819545,-1
0.6815474352521178,1.5750208443272662,-1
2.2544506190652838,4.979094297324215,-1
9.077754911928498,4.620688729083989,1
9.589027524771888,0.894946849151389,1
4.829172958732927,0.16281520680314965,-1
5.902556877396936,1.5896333589711131,-1
0.47392898028722263,1.7972869488177845,-1
6.166863312599142,1.3255445958772338,-1
1.7637209272842458,9.80780614880588,1
0.7105398402149643,2.7042078563661565,-1
5.0799650915261205,8.177634283214251,1
7.84299876020566,1.786183525319489,-1
1.2685747221256405,7.767597556960136,-1
7.57288222901611,7.9520864003615195,1
4.7984570235207755,5.285476682903624,1
8.675788202782494,3.860916640755315,1
3.517474293347309,9.652680343020016,1
8.660200211512494,1.1435494767563115,-1
6.458225878929311,5.883993871309359,1
2.866298745218062,9.483099080215565,1
5.813835968646752,1.7441301649018814,-1
4.323608212545247,9.456229381838401,1
0.21773031582692393,6.653508097985105,-1
8.75558128368102,0.2740656605170555,-1
6.560564609272886,8.763766718316768,1
9.805486953131783,1.7359966783982606,1
0.21328287053704487,1.570468397741216,-1
8.216993249363432,3.9645561746449998,1
0.6105445923676811,6.328208012432198,-1
9.947300655563732,7.2794311436383285,1
2.6672080513272434,3.945462487408448,-1
6.253187852130252,4.596558245971998,1
6.00099627007591,4.98836616023285,1
5.601747689638108,9.274166412060737,1
7.45318203033945,3.1740865162560636,1
5.867297314236657,5.234794084121259,1
1.9316246967869177,2.9560984655261846,-1
1.012540244417588,2.9841788030303515,-1
4.570272468988511,7.018570347462708,1
8.17823899424706,6.8916899131767835,1
8.50254799483398,6.285706923762364,1
4.749614136404231,7.1127480258517295,1
1.0959055567038245,5.1278086650624175,-1
7.040433086463417,0.04573139313362007,-1
6.417423118807884,0.010670592194549355,-1
1.8496943135290522,7.188100406487847,-1
6.104342266909825,5.927649981115214,1
8.702205999890673,0.15354377863195934,-1
3.06964181707023,8.100503471812775,1
7.3702129260472375,5.7105956452989535,1
9.156777215874795,8.058801851010868,1
9.550501173064767,8.7070674704796,1
7.391602673369432,4.98078580522972,1
5.596180316749807,7.77898890430918,1
0.6658723110011444,6.83701178710564,-1
5.804770734289434,9.370859171432818,1
4.5933778327222,4.2642047610281075,-1
1.2501572742055833,6.633764846921396,-1
0.4831640108463686,3.3878007618420467,-1
9.260923641862258,4.640259763266315,1
1.1942243053380908,5.737915613178135,-1
1.05619496687277,4.883714388485043,-1
7.344301141123219,9.322465465814036,1
5.18609385884422,6.528035236995993,1
2.3772839108435617,3.205118341486087,-1
5.979127017067847,3.189850048289271,-1
3.4201683622302803,9.331207888809836,1
9.471259131283214,5.397520247008332,1
9.954436220645078,3.3230272815887574,1
7.165176681705167,3.773944600679573,1
5.828572234048462,5.868315583252103,1
1.2613380966440946,5.553205713984458,-1
3.7301710952737297,6.308519820680242,1
4.860451877723742,8.079439134870189,1
9.114237712577264,9.754142902630157,1
0.7027383303555645,4.894716808031179,-1
2.083857606984305,7.576360946985044,-1
4.037586220130764,7.674921813676491,1
7.246785686251361,1.693301175220544,-1
5.218961247284933,3.9963451176500673,-1
2.660623262105646,8.779955657804472,1
4.709300587527631,5.297975708648185,1
1.9027810053370209,6.421951468127295,-1
8.745572534039908,3.6416203451633966,1
9.508390525915901,4.766387614635469,1
7.646794812986898,6.269025037158373,1
3.6975866782499534,5.926510573439651,-1
2.9267047568352424,8.942494371572565,1
5.462792673620292,4.971993611930485,1
0.037445014741196436,3.708949578667103,-1
4.226600604204236,4.538917067637973,-1
7.648203841964612,6.652274340569507,1
0.6826526020471713,1.4490046359728415,-1
9.78910131412349,9.930644615193374,1
4.508661765502015,1.2083892084648051,-1
4.152554584865036,0.6032841979294146,-1
0.4159501209822347,5.191064232087327,-1
2.6024681328244395,3.376486626948071,-1
9.329263168376126,7.404540121845554,1
4.508107940066031,7.761143331926456,1
9.877619876974602,6.986790910803173,1
3.9544054642687,6.9307062615753,1
4.329553686271352,8.876747954807414,1
7.49614482514024,7.185691193937451,1
5.786330234561206,7.203103187577957,1
9.180162885610791,9.050709876618235,1
8.20275962312788,0.06894933811608883,-1
5.779968091737814,6.477782784742164,1
8.971541613239202,6.903494182285813,1
1.380671463613039,5.069263833751487,-1
8.616797148811235,0.22326151542457096,-1
1.4127987916581464,3.6518234545479844,-1
4.983006219528095,3.651443281897091,-1
4.336265457399343,4.392794108872015,-1
3.4991536008938384,8.277775694710563,1
7.4514726324122895,4.410808998730955,1
4.106890514526109,5.076446418680862,-1
9.02709884050272,8.403321222642061,1
9.29164641549391,4.799883102559344,1
1.0264176635014055,9.036079420038416,1
7.019088629851345,8.79469469175276,1
3.113664147033278,4.96799239705757,-1
6.3461176340215895,5.800915571739678,1
7.857591565271522,0.25322019698099885,-1
3.6846081684325114,5.767601182398547,-1
5.082389259690762,2.7489331787009608,-1
1.4539152573031044,5.931552980699498,-1
6.384717192087468,9.416220546684583,1
2.859532861683384,3.0276520683086607,-1
8.508670160483163,5.3546426629686845,1
1.4094184130230802,4.525880557291275,-1
4.375713499707698,6.025876527190787,1
7.96383284929472,0.615966224263953,-1
4.971707869415941,8.387742444896523,1
0.46421114217578774,5.211895189592944,-1
1.5147463489730417,1.866800092891494,-1
5.608778458462139,4.316063925115671,-1
3.2373403796114886,4.70307816047341,-1
8.070619556655737,2.167501218710688,1
0.951299876664129,8.747670451256512,-1
1.1568994488477335,1.8427880313926337,-1
8.323099110418507,4.265186386774824,1
0.5066430453656368,4.857131901884104,-1
8.418416866732425,7.251346807881108,1
4.388330911486655,0.4126787111817376,-1
3.028423351692452,8.692792630679108,1
1.6409949253151046,8.153047163893714,-1
4.635182033438841,9.27292191710894,1
5.1052253885846,1.1237313915866831,-1
1.6485961109183789,9.369216279744768,1
9.718788976599521,7.902037446342886,1
5.782083437711156,1.0975496467520107,-1
4.441312821992355,0.8865756785634638,-1
3.9952384681851005,1.0316037012814805,-1
7.844567204731713,2.915446880867699,1
6.027381622859886,3.630028497950536,-1
3.5999036547180685,7.82640127172008,1
7.238659934778857,4.860338570185705,1
0.4421835166896637,8.283523118414898,-1
2.311865276715314,5.435287820060642,-1
7.696061748372577,4.328173238138833,1
3.077494987190279,3.7420478862755324,-1
0.37613743287349233,6.728832862979504,-1
5.797873258006226,0.39119560691166955,-1
4.9406092673529844,3.5715625044902746,-1
6.692456988766295,0.7532394573003198,-1
4.549646067658733,8.57494115453602,1
1.7124456955804124,3.613350425412963,-1
1.3425669164542198,6.8585090724155044,-1
2.535493421877187,8.480140828748631,1
3.6555582303328062,2.0530028588438975,-1
2.613200851574468,4.604240854780725,-1
0.9281549715422033,9.894954330917507,1
4.888055914250494,9.062295494839642,1
8.504625372999772,6.997433528033077,1
9.387284039614341,6.764277169650975,1
2.1856054396373925,8.616256423700236,1
8.512771476180411,9.6276347812711,1
6.856335982924938,2.321571923514345,-1
0.18368824008671125,9.377642761836135,-1
6.967059389548501,2.758798159112107,-1
0.16068335108088028,7.112799005130833,-1
4.529699346644068,2.440639490625116,-1
5.2425475655240215,1.565409598401134,-1
4.763795075642636,2.7811621779932363,-1
2.91605292991991,6.212138407133568,-1
7.806449366115254,0.93553275364617,-1
4.378365074842284,5.992541345284508,1
4.881237538703368,3.851671141799179,-1
4.504145798612981,2.248003703087642,-1
3.216656362056126,7.828648056076581,1
8.187909455292644,8.495213830592096,1
8.701323705379234,3.1274450850395996,1
5.127077967928772,3.691107429411411,-1
2.195412326020657,0.813061525638179,-1
4.82731492749278,6.288463821985337,1
2.4224467645530154,4.652036992210639,-1
9.254586013170883,2.4913599527237684,1
9.550976196725237,2.3493774882147713,1
3.963344967650394,3.1542274803931414,-1
4.370203838393895,6.097472605981618,1
8.271663984384194,5.645415764403419,1
8.020839427666505,9.509722281739709,1
8.772570547023896,8.132369861418935,1
4.239701369967315,3.8871009658737865,-1
4.719967535325383,9.055437736003794,1
3.4546030442843225,1.3075139339143604,-1
7.504054391287576,0.17353320610434597,-1
4.569230963098796,5.858942088237141,1
9.193298245285828,9.868200569872963,1
9.918768551231487,5.379575697973145,1
2.0072846064379455,1.6293849876152988,-1
3.5040616001351763,4.45138115751932,-1
9.324546278807759,8.852488341521836,1
6.728792979912698,9.000230322547086,1
6.353399635128662,4.920282894587281,1
2.997649957106238,8.375427418968972,1
2.5596791893574213,0.0885583394222933,-1
5.400910661738676,5.218879562191621,1
4.388793592249979,4.71005586909625,-1
7.328023035351864,5.5885331486076435,1
2.9713828513841003,6.0289792295211395,-1
7.744171166953908,1.2920022689752841,-1
4.746100065161894,1.2682262024173452,-1
7.724945553068152,7.058450549754594,1
9.010580253496313,1.1653756405071403,1
6.436513221686994,5.581146085159881,1
8.457980978563398,2.7270374951550416,1
1.7712060132555785,4.267408056451162,-1
4.632392850820802,7.0863459975244485,1
6.2089955474993666,5.867864617918194,1
3.42846642918066,5.408465329640694,-1
4.712206390345633,4.132838514753811,-1
1.2250649491668686,9.895705794372255,1
8.534993129751019,3.466794236345203,1
0.6020484221014955,5.1068630377400215,-1
2.9952305657571188,1.3035030695467709,-1
9.966283062071925,5.392084604962786,1
8.85141989709525,2.0781686443493252,1
7.702071345155206,1.9124132426534979,-1
9.3264150949246,4.712666162397659,1
8.578979329785234,9.334807559124545,1
3.314118281616263,7.486717364341543,1
4.117157599980519,2.923327645531785,-1
2.2074938152202916,0.09154398176850598,-1
3.3208907897157394,7.454682841301059,1
5.7280842058590276,3.4392943790419404,-1
3.2347783960406185,4.830211384917391,-1
3.2123738067154815,7.6802154829691265,1
7.609221183469286,8.198758881387178,1
1.2813678416762764,6.6342628869586715,-1
1.3436342901137932,7.085318761138158,-1
3.9315887907692004,2.2719933034949324,-1
8.500085182295154,9.24992345775133,1
7.9579058098544895,6.780325795706807,1
2.4493244843957163,5.222175308434077,-1
6.000236398631447,0.3221682188458552,-1
3.0161362968811742,7.503070662271574,1
0.03864778071955066,1.1061033998664116,-1
0.3488050466332715,9.094459747299577,-1
4.128352032333775,6.3783142157029316,1
4.3307336800705665,5.361872266918358,-1
5.457685248231612,6.725637204145337,1
9.996738334148407,2.770481123412154,1
3.662174526486165,3.8197970788214364,-1
1.8886701243619486,0.5462899984354308,-1
4.918513692043625,9.491055696288301,1
3.7262231106410573,5.874695768490764,-1
6.644459677704193,7.770985038009023,1
3.5046644453081868,0.8636318347304817,-1
3.0273847936830878,7.179043690921877,1
3.840567447627794,1.6711788168027808,-1
4.722428492128451,4.893717264294386,-1
5.299579838315212,7.37660286612567,1
0.1772588328677971,6.415103791347885,-1
6.267843082052669,8.767334222900038,1
9.941778942368204,9.856542489038452,1
0.5939323833834997,0.48041979695714776,-1
8.868612688132764,7.801159733852137,1
1.6895325944276718,1.7709374606519679,-1
5.860960267953389,9.114655964767472,1
1.7338544690589297,7.398406426132778,-1
9.799702343200842,8.95436589875721,1
1.5089844853682044,7.940749077255392,-1
6.1342551845960855,5.239978620606285,1
0.49888993163629713,2.6559235815872038,-1
8.789264624102687,1.1671527630307144,-1
1.501274330581116,0.4157275272542571,-1
7.850310750041806,5.1879221676602505,1
6.648812819390296,2.1036497803400334,-1
2.6120703951210213,0.7293549759333329,-1
2.4573632577975966,2.837931947217185,-1
0.7610072349014041,6.958844321299225,-1
3.4757659616389383,6.294713617046938,-1
3.99437780188678,3.3991313417064726,-1
7.430620024500708,3.8234294697934756,1
7.473228933502776,6.529443183992832,1
0.5295403207125637,5.69205043809776,-1
2.190138197761807,2.8701267080622364,-1
2.9724487770537458,0.643309865016769,-1
2.545047801537199,0.2782573995508031,-1
3.2699969479478064,9.261285840863177,1
2.0233761441836364,5.245518514290297,-1
4.338710143055685,0.7109042312101066,-1
4.352509000779027,3.9913276350943425,-1
0.744247527454347,8.632353051998926,-1
9.726228543791107,1.9101401112337313,1
4.044886097264715,6.688885269477253,1
1.638744136370519,2.047554162357623,-1
4.034176746176005,0.5845455385230336,-1
5.47669802414723,7.699745613930004,1
7.6713568697717,5.084671257854518,1
2.2209510435928626,0.5308562329290833,-1
4.119055450841032,9.014632867543583,1
2.733386042172372,4.671123626621697,-1
5.919052306467113,9.258666445677667,1
4.211401525067263,5.160037793510822,-1
1.0973074608197675,6.54682195577969,-1
5.430147060591337,2.996760309807893,-1
2.695320315380533,8.697853989340704,1
5.410081378622069,2.4907356100730595,-1
9.992669186715709,2.0150208907089207,1
4.697297179742676,2.9623000546642286,-1
4.6165706690601045,0.18573349754651192,-1
6.849746233802708,7.01818524751896,1
1.456214775016651,4.8605260442051055,-1
0.7851760250097906,5.255492445300968,-1
6.73237240535538,6.472720270269324,1
2.9647321659722214,8.67602174250544,1
1.1959501564736363,3.579331504439649,-1
1.1619623541355195,1.2086729694527365,-1
9.560295828507357,5.637989043397288,1
4.8628377312170645,6.943789887451524,1
5.592144281288997,8.928072301741686,1
0.971752126928952,6.532864187619532,-1
7.327201337282637,1.0651151149258453,-1
1.251803734981165,3.578607920417273,-1
0.036222694781783416,3.9069949098564916,-1
6.701892712587378,4.369925248712772,1
2.388859029795629,8.020331541626057,1
1.9502739846686967,8.156329559481135,1
9.987315241172547,2.7757228319298024,1
5.893426134355739,0.4863624404721667,-1
8.900465030156665,8.451622345828563,1
9.208381119444823,4.787771961875925,1
1.3754328413629668,5.70931194748969,-1
6.380571658859196,6.412664367011774,1
8.815577093043355,3.6144708242451418,1
6.591732380079946,5.745895343240491,1
5.937700469764019,6.368652322919473,1
4.585473826946912,8.177097494577183,1
9.93946513673454,0.047349355440124974,-1
1.4161209562981225,0.9123142454728783,-1
5.801545734499718,0.9926874312088663,-1
2.7533107325905792,0.872963550492174,-1
4.493342141195232,8.065921069771347,1
7.193188442884137,4.5563330842355825,1
4.8245976243539515,5.790252061614015,1
1.5967441365225188,6.044442900381642,-1
8.41469957310663,6.65955463647742,1
1.4823226004672785,7.872395405419671,-1
9.045488810239227,6.921314454706775,1
7.290695087986706,8.541087576485785,1
6.510850720391794,1.3566835324664284,-1
9.874928468828015,1.3736258041085603,1
8.703782052539479,3.069023818057955,1
0.8942276244593017,1.6875214176972597,-1
0.6801267911318387,1.2025998483609757,-1
0.3276163392598319,8.167620931304633,-1
3.6709895686930025,0.8793384564767237,-1
3.9767632631512964,2.5813039770809745,-1
0.994250966435748,9.204770553776353,1
2.473828154851323,8.600648317837026,1
3.8550463987725756,6.9100759912670675,1
3.4431733173957992,8.174468855526802,1
0.07918421669217746,2.1759762803292917,-1
0.634014621649237,9.86869061414481,1
3.4419907122564286,0.18854494413635958,-1
6.652269644653181,2.5072855054620833,-1
9.887546550445585,0.8905231442812278,1
7.1665423385918015,6.949233564245802,1
7.8179673380955625,0.06066050058764816,-1
6.910533568332885,2.6002048021527857,-1
7.3448957272904885,1.1839076687124561,-1
9.741433303694727,2.0661203830573016,1
2.198024203912002,6.130883437996765,-1
5.192102158464977,9.483111181400453,1
7.458120392862023,5.427053654237329,1
8.196237230026,6.489375296625537,1
4.371945245989972,5.279856864232198,-1
7.1559173713008715,4.03062703238517,1
3.2478921949407336,2.71702981524807,-1
3.4146602857976815,3.9698019146338606,-1
6.935442323506205,8.78229257283681,1
6.080164331218549,4.225778940396538,1
3.4625961606579283,8.452197546528309,1
5.501156722856172,8.349896844501703,1
0.6698136414802669,2.7826144567773072,-1
8.315812266472912,6.577488627997634,1
1.0937355808196259,6.8531381526739406,-1
2.5845718430909503,4.857420139698489,-1
7.379533053992855,4.550116164032493,1
3.6728549847206637,0.1436410181380754,-1
6.4516160754998095,2.994132507100722,-1
2.016403952906518,4.8665943005895045,-1
5.167247379079136,0.6193080010150898,-1
7.244064587549987,1.7097166445062117,-1
8.277993621932394,6.47514447341412,1
0.9346035872108671,1.7814771598072299,-1
6.707857848811896,9.916999894883746,1
0.1608229839624209,4.601464673700702,-1
9.209621453446015,2.363453038572274,1
1.1386988280806398,0.9669146447490684,-1
1.586708971330928,5.188105365863129,-1
1.1067089997535473,7.12891676617709,-1
5.871815242538883,9.275301992983048,1
7.373091045216167,3.8260221678575346,1
1.0282985699409875,7.378734488273681,-1
8.395664236392772,3.729005557506807,1
9.417154614656084,1.4735125548955563,1
3.1439032527354662,9.521434836544074,1
1.619659121349366,9.601377316833323,1
8.548190362682735,0.0027969476138278715,-1
6.354356730228837,9.903510371146142,1
4.870562955381646,8.998645506629364,1
5.110599898435291,8.748021826179047,1
7.226129433927051,3.7526742406407343,1
4.327393918259936,8.64541201915652,1
6.4691438457000805,9.486029273631395,1
8.630332977082194,0.3258864900013214,-1
7.647575367922803,0.21693633784960253,-1
9.793455264605097,0.8019490394953876,1
3.0568600538165827,0.8350242729252733,-1
2.3664395895174395,8.891104984781737,1
6.218044079892982,8.226321740057097,1
4.007914350514994,0.6159807262167238,-1
6.6340621736905625,6.752573524404389,1
8.15130044825965,1.4398997558502291,-1
3.44647123335313,3.604326489434453,-1
8.209119120224061,5.200056544372993,1
3.7384430694538837,6.392152702091977,1
3.594723062272588,5.965450611913596,-1
7.8021336181084076,0.9681172055012621,-1
1.7925065950324115,5.756952496594843,-1
2.9517904790459037,1.7322933267665175,-1
9.465815290357515,7.574347366902476,1
9.280531605474025,0.6806211062367873,-1
3.8355896228030617,5.375996682333824,-1
7.6185487730726855,9.853266686436065,1
7.904157142109751,8.937389340161682,1
2.880971967833461,7.150286015792611,1
3.6359145073268726,1.688582847256297,-1
9.041240154083601,8.047347601692099,1
5.576189142665076,2.5449392465771306,-1
7.068997828109275,2.9461090330942707,1
9.245201817840465,8.833223299036444,1
8.451862548665916,8.919195250819522,1
1.0643278746171136,3.672895769150213,-1
6.549947012975029,8.989938565949009,1
0.1745189609080422,9.922118407419564,1
3.3304062571595647,4.2098605894335615,-1
6.73731134595891,7.945711613642381,1
5.1306366907156375,5.343859004063552,1
7.92360513819332,2.931280947565975,1
5.5930567243832785,0.5779191125324734,-1
0.41629452077233897,9.17774849920996,-1
1.6169455062099314,8.244210594405764,-1
8.653854852724876,7.490484181418907,1
6.856033469648305,1.6619208045333833,-1
3.416754074716304,3.5313094902791464,-1
5.114630287084259,3.9992782558105344,-1
5.332609288313195,0.3181941180479797,-1
3.879650958597647,0.5253323194740112,-1
4.817668682948151,7.930101114101066,1
3.9268772706276756,9.76725621228536,1
1.195464797992204,8.171032409074169,-1
8.55677207003265,9.72295841504478,1
8.876114914135457,7.714869075192973,1
7.332783132021131,6.508396465980351,1
9.025345097821655,4.186755816740755,1
3.0374008748509773,5.493087792628193,-1
8.801785930107263,7.00476877290769,1
1.329157250149543,9.396349130880772,1
2.486192658848382,4.251703124017988,-1
7.401518943271574,1.0655582207346792,-1
8.361094538678339,1.9550070779705775,1
5.894008391377094,6.804656059285152,1
0.7160093395263456,0.5346733486399446,-1
7.583833688721645,6.201098067988262,1
3.819666391596913,0.608321805443437,-1
3.227640649430791,2.1156468735103253,-1
7.735452191044559,1.0669977863282998,-1
9.513549854742793,3.4192211495268268,1
8.378077102121162,6.736651468074087,1
3.7928659244848193,7.994299927260641,1
8.45388484315037,9.519404273796436,1
6.06077886519928,9.412637254154845,1
0.24252745247096308,9.716817568627818,-1
1.8344145033788428,1.2748238820414626,-1
3.8790280736501073,2.248144003386866,-1
9.097261373190879,9.323966526546192,1
5.010850543107783,1.8991879780799192,-1
3.1142141270140264,3.585813378134567,-1
4.914661271000588,3.866895606547902,-1
6.859877234362367,9.624355499142057,1
4.129503223774618,4.737660647702333,-1
2.416300876065166,2.7376520735732104,-1
1.8054606368588622,1.979292528771428,-1
9.099810774017886,0.3170171883102624,-1
3.247902229012871,1.2026292223829493,-1
3.3331958151516083,9.008384258237585,1
3.371935833960448,1.8129385743934845,-1
7.988573226606208,6.717389424666943,1
9.668172112147957,7.022575383032472,1
9.623451555780749,6.7554469635944425,1
6.888126445132335,6.790407469621197,1
4.688173971299571,6.222111570016915,1
2.873567646615407,6.822324270025719,-1
5.577347162247608,7.243763696096104,1
5.432408700566559,8.192116114450425,1
8.85622994989706,1.2673570456217786,1
3.1154826009183045,3.324500199501108,-1
9.084592449004944,7.467215152599821,1
9.94484744121687,6.129082782917878,1
7.581365162137627,1.7846791449586852,-1
2.3680984523103765,2.9430356876875594,-1
0.530122338456932,6.897885651238662,-1
9.630806861852768,1.9882847007595628,1
3.450377124158922,2.4088249136165887,-1
0.7051038308421953,3.8024332477917255,-1
2.073321016031847,4.583750332918922,-1
8.937412950810954,2.6902502092003564,1
8.151373121143008,0.012351714550725701,-1
7.261672448611847,6.222246650337816,1
4.745448638757638,5.426205514352391,1
2.147518546603999,2.750944497621164,-1
8.493836087835628,4.510381806703387,1
8.27006899428507,5.3259429620137855,1
3.7363918343779567,5.430567930012272,-1
6.825434818518634,2.082615797855323,-1
4.368357461917074,0.8499462174519101,-1
4.594562653074412,7.600666530182977,1
9.12674097588496,8.45866058542931,1
5.535495247103172,2.412932513479044,-1
4.293212970917858,2.2393385411780975,-1
1.0465066444627902,5.815413505962256,-1
6.10755055943134,6.1696495955106965,1
2.3927766756524846,0.8682268279860761,-1
7.953247228758514,5.036532282179773,1
9.746311899113442,1.3025225848657507,1
4.481789148009275,9.979532277373224,1
3.8393407040921312,4.132535451430553,-1
8.730215820599975,4.276381716972686,1
8.214797558982633,3.901524165368293,1
4.966251372760464,5.414676512926201,1
2.4341354035699903,8.867466598289187,1
8.589621344327844,7.650507021314645,1
6.045042655501717,0.8267480515295211,-1
9.547132630034788,4.357385069545238,1
8.908953623596702,2.038039882321806,1
6.756506710011726,2.7235857791726827,-1
9.131501718034947,0.6579487878649515,-1
7.84886509965876,1.6309281221117033,-1
9.175774802275168,1.058179933484551,1
3.707598417783695,9.194023541607562,1
9.87959086170369,7.452893672309697,1
2.2506858774750715,4.635712520651304,-1
5.15178397808037,0.19432920926640618,-1
8.993755529237792,9.494661135998033,1
5.915441889373193,5.284790762158451,1
0.4591778567191229,4.683877008176766,-1
3.513329254154213,5.764427296962048,-1
2.640522453432894,1.4027929757551016,-1
4.136782909024571,4.634546191191489,-1
3.8822083487697956,7.46166774418859,1
2.9505274397499424,4.258287652852656,-1
1.60025558886002,7.035905424767402,-1
6.822487494411814,7.701125573133306,1
2.5755406503739597,2.6755124189201385,-1
9.750262537079145,5.608171635180889,1
7.5984867650269425,7.137563869715512,1
7.969225721515809,8.05369515748827,1
0.2163128494495481,4.434341836993825,-1
4.45858063876476,9.346244465854397,1
4.322851416366734,3.50656510179748,-1
7.924418263580073,0.19940600135747055,-1
1.5918008888878543,0.6342673025014667,-1
4.527839538415105,9.056628643527223,1
2.096894727358636,6.964098046225807,-1
9.044302370891034,8.72492951409522,1
3.3778326289102454,9.670097259970127,1
3.3336397062556964,6.2816592846424255,-1
9.109085394004396,6.691699340881348,1
7.351185079194237,7.3174062223571585,1
1.5742853497010256,0.07863787623524576,-1
6.440071554327,1.6874079594693103,-1
1.7236297855953353,6.448941180981324,-1
2.681276646412629,0.8130183173235461,-1
4.78728392817481,2.330483119827237,-1
1.6237552232117947,0.5117743130140373,-1
6.515242238076433,4.368450897989402,1
4.69841303271647,3.0152947727531885,-1
4.993342267105546,9.545154099466446,1
6.291193037336389,4.1447285615512826,1
9.761987969901899,2.258655965046806,1
4.708277439727546,1.5725888924205345,-1
8.17976274723967,9.934960597434605,1
6.9567603361773775,8.10985108860653,1
6.249955587864198,8.073601641535866,1
3.8565671589864703,3.409009939543388,-1
8.591248126901066,1.016308616238768,-1
5.646979656106183,2.7933211587203743,-1
1.910415352533753,1.2960610905067504,-1
1.9190270099219986,4.62492369049183,-1
2.745884415962061,4.709079336446908,-1
9.795847601941642,4.160373290299136,1
2.211696785779692,7.424530510400118,-1
0.017387241744174498,7.2022312394079115,-1
3.28095827293346,2.4768050209946155,-1
4.095496710869989,1.129990884257518,-1
3.9423043122432855,2.832687177664144,-1
0.6350720412986111,0.4295726370416575,-1
2.1596548957959727,9.450393712730794,1
0.4505126264856141,5.280153565974323,-1
9.332595483475126,6.575826321029429,1
6.762003360986863,1.8936757822944261,-1
3.4673718125163577,0.09024112239335413,-1
9.977619107341283,4.758727482343321,1
9.001357523022193,3.545951072662011,1
9.75732608473051,0.25646048236005026,1
7.650956116505478,5.084886459003189,1
4.64202168827029,7.4424834431159805,1
8.726716339412297,4.529313947588703,1
3.4247306217038656,4.054424819963777,-1
3.8896496292326157,5.427515949911578,-1
4.123108380706588,0.06641347777720852,-1
6.096711501870541,3.48772952004638,-1
4.246486775819149,3.4115808917487342,-1
7.094916728074365,1.0406951409988219,-1
6.541019727110763,0.7824814963303162,-1
1.578727558595473,6.471040803944396,-1
9.606611080033774,1.7713897435828108,1
5.406047235833067,7.491273883575723,1
3.027449164933036,1.731478563944291,-1
3.0889394645202675,8.679359031816297,1
3.5864733656900305,5.777490018227818,-1
8.434179386584091,0.020311282646953144,-1
2.063885526271042,7.309998330134285,-1
4.366717925129682,0.8687509809382532,-1
0.1457937734836645,7.374094577187751,-1
7.652990026747649,5.07927566008878,1
6.9053046208675175,0.26955727973158816,-1
6.518414515692523,4.834238814884846,1
2.9902438920897723,1.960215480320966,-1
6.426316891888515,6.456813355241115,1
6.408730462313804,9.203988432385751,1
3.4463279498672073,8.718055969260279,1
7.762016400677954,6.296210921689643,1
4.890055887494786,0.25882911702423295,-1
5.461399670315478,8.377472039002065,1
2.726904632974355,0.027814348827243096,-1
7.712333919883263,8.353981395455248,1
3.2913619758425328,5.055646759012175,-1
0.7643805512874646,0.16723561924203434,-1
6.776498790718076,6.876059825508094,1
5.282393845206867,6.716732552714514,1
8.845143863898834,2.7433979364348318,1
5.7568888743949875,4.668126071137713,1
0.9368126095301765,3.8181000349975704,-1
9.503579942588182,6.7816862383481045,1
3.0537051824886507,1.1825562515326427,-1
4.196194934648318,5.615531192148847,-1
0.003887856124130673,3.800270871722,-1
2.518664569272776,5.50318552935004,-1
6.70140475799851,5.569044406920084,1
1.7311692259206723,0.3542260283473253,-1
9.581844730529074,8.304186784915883,1
7.2995413399462015,6.652561322732411,1
3.7544352494591973,5.219225648766006,-1
8.708425245453919,7.215721308600555,1
9.833020166566447,4.964537477922204,1
6.75858506668321,3.1514524856740014,-1
5.780798921152862,4.368279600101362,1
3.7984140044423653,6.271972496551022,1
5.044998089647352,7.137914271179917,1
9.596586874844581,2.074875100509371,1
1.5964251082550163,6.084332177425714,-1
0.8493723261308173,7.687586665445738,-1
0.3984801920678993,6.217037141665809,-1
5.682871663696851,3.5960968718564548,-1
6.258042875725383,7.357844695473652,1
0.3090564484212155,3.6536995948344164,-1
3.5395259870294007,6.954710260713942,1
8.927574813861424,9.254653248419002,1
3.0875231287219096,5.14289763046047,-1
3.6679277920642206,4.023276208100479,-1
5.333058587843751,4.476499631587071,-1
2.5431340450431064,3.0476779713085964,-1
6.481275574713941,9.09200044059878,1
6.779181053373376,8.220292927065865,1
2.4698437908665927,5.410226154550965,-1
8.836604257698522,7.847717078605675,1
9.472524300744466,8.006666582453654,1
4.135094332846638,5.953905083153775,1
3.107189450070761,5.946075658342353,-1
3.1866734753140147,0.3904470641240132,-1
1.6190486899987488,6.220198427439235,-1
6.426777669664018,9.367647983439685,1
4.448337649694945,7.811701703034633,1
9.983171770456455,7.58353832951177,1
3.151579006398808,8.651622813167188,1
1.2853628640740211,7.605716829472761,-1
1.097399535477387,7.28641428960114,-1
2.282455290012014,3.0364510915814904,-1
3.3457331384597957,5.24473936724735,-1
6.567029362416273,7.590380243539529,1
6.4897868521150865,3.169482100581246,-1
8.979515258544598,8.199748115944978,1
2.6989274792549276,8.773948582893215,1
7.711118934739314,5.944966272483834,1
1.2967140175415015,2.9918743359618203,-1
2.935120481822606,1.115943219693365,-1
9.124822000865688,6.455850788357318,1
4.023377521786603,2.5336078540249183,-1
7.113793646338058,3.9602324218258556,1
6.503998251966446,2.6914194955841184,-1
8.993749477739794,0.9852821994619121,-1
5.55296599204799,3.791769256788682,-1
1.2140887988394578,4.62179777971887,-1
6.576325966558848,6.571019402205634,1
4.306463269230982,8.990753449221046,1
1.2231556484971318,7.651154629619049,-1
3.533300937779554,4.255348824045847,-1
8.46473818504913,0.1036520502950522,-1
0.46425963499670875,7.157447826857187,-1
6.8021628954650195,0.41102023274530053,-1
0.754745076971659,5.446078493668443,-1
7.421811140968235,7.061134660267184,1
3.0827777550443978,9.460944146021093,1
0.7505089037777546,3.4293022891549176,-1
4.756983248989126,0.5874661373775536,-1
6.7223038379342395,9.044545861451228,1
1.3376702527173057,0.8805699888461138,-1
2.8102661777458193,0.1804581195319832,-1
1.2661284383681648,3.4997206604667985,-1
8.676487836556287,0.08754666128599431,-1
8.59020040030071,6.0616889743208455,1
0.7822329158730945,8.257019616467602,-1
3.5794123198323424,8.944669134587212,1
5.0607222653476995,7.851226253788433,1
1.5933179213026438,9.194020054510062,1
5.7856789170453435,1.2155625164423989,-1
4.095755612504304,4.657037464265064,-1
5.817214142272629,2.031187994715651,-1
7.671468037681754,3.472867513973552,1
6.451053731244585,2.4379860550558807,-1
5.249474159340501,3.5384621628177406,-1
4.998542695338982,3.4377730525719077,-1
8.108474357464493,9.767811842413296,1
4.905620431478467,7.593052818042305,1
2.166955672497448,6.292796535172679,-1
7.731603173100245,7.753590560077239,1
9.655384436098569,7.777383114868077,1
4.954520237642387,8.758515684798537,1
2.465092315278181,1.4374012650163637,-1
5.157205546860562,2.4495645234204133,-1
9.179706768522259,6.406889065644118,1
4.815012854478162,1.3543957806544693,-1
9.76801566836074,5.57690948754048,1
1.1598714772533703,9.554490273402662,1
0.20688353663761427,7.87308832453281,-1
0.5042743305857833,7.369515979632664,-1
3.4436021115744584,7.6032235694134265,1
8.982545922712967,2.7010525888190937,1
7.010893176142367,3.2978332594678705,1
6.321705738105964,0.2061839060837023,-1
4.100702916547431,8.207206763337208,1
1.4530089179613137,5.071606191610646,-1
5.53636727719752,6.952787037616294,1
2.482309200079016,6.0898810362339075,-1
3.5885713529587937,7.077376993425668,1
5.782362229198334,1.3165620457342209,-1
8.54848615430185,1.7229459462998475,1
8.72877468787459,9.783219714394885,1
7.382931777500795,9.798361984261023,1
1.3802662761031081,8.118786880237161,-1
0.8474776601128942,1.7449895612747002,-1
1.833491072189547,3.0859905658440425,-1
7.189799238603156,8.387177459582833,1
4.734605305607388,3.2657553358327274,-1
4.004544620028819,0.7838132415243104,-1
1.703280107309364,9.933172538675878,1
3.3231649674844075,4.484081791606275,-1
0.7991421338633453,1.9725352766963744,-1
1.4534570974851668,9.438655205494264,1
5.627796380715205,9.280385381507735,1
7.845807111038222,6.030349083776011,1
6.401161913274632,4.813252270134624,1
4.658745420081719,4.630788696287435,-1
5.067945890697025,8.389878429202316,1
2.3460836030259924,3.0370900652827704,-1
4.373829493113184,3.219849839847828,-1
0.5639797773744626,7.881030440826607,-1
7.645908610688109,4.814416682300999,1
9.567341098087613,4.049120715671009,1
0.8463932264196239,2.689323518286103,-1
7.401681679812269,4.435639380894507,1
5.664612076061417,4.111842994958563,-1
4.714278151882725,3.571186634542144,-1
8.238424650965896,4.120498876492389,1
6.519730694513912,3.8437323549448266,1
4.641052385431395,8.101930058239411,1
3.205123782707484,6.0601601563380445,-1
2.0567704747206728,9.043690358579925,1
9.147850543488241,5.520510608388022,1
1.5339601233736422,9.901471028086304,1
4.356287157591005,9.661208631489929,1
7.2492155010807116,8.150811598467229,1
7.840716270228806,6.286392379834483,1
5.012651238107209,9.077266135483718,1
0.13189889988243997,7.515544049835942,-1
9.132376476528535,5.885409649563985,1
2.794596991710925,2.5057327064607913,-1
4.9125095751109775,4.183702886272619,-1
2.916815176079327,0.22934594227842608,-1
0.04885591181754134,6.268128083966957,-1
4.217052373644704,9.585642697604692,1
0.7652057561891434,8.90554921812314,-1
0.2892726934695222,7.289570679778716,-1
7.387499164236264,1.7269052026590914,-1
0.3816123931864823,8.026247802639125,-1
1.401573257931179,8.882957852241685,1
0.3657471685393321,4.861274329569634,-1
7.617512660404499,8.065212831255144,1
6.459408354743501,7.502021850533676,1
3.29625914565431,0.33020251856128446,-1
1.4148614654077774,2.648265648096225,-1
2.796300515568335,5.441082921194519,-1
5.916838625936429,8.82286826828539,1
1.4005912175353663,8.698308676857218,1
4.41882427836798,1.651839095508032,-1
2.372524201439399,2.6831235689425403,-1
9.03905550817605,3.1931271291963537,1
8.195147057228725,3.234615812466064,1
0.8009085336294819,6.474333192771492,-1
4.272635946446827,8.632821951524361,1
5.204576012942984,5.092532226244608,1
6.538202492381469,6.5740474670253395,1
7.574501340797584,8.797772042435572,1
8.721204391210533,4.101902160123339,1
2.3401511688414702,3.4223752250518578,-1
4.371088850170526,5.6988778797740745,1
3.3474868762783325,6.767464116059943,1
9.25171492515328,4.095612599776538,1
7.305275868096698,0.6501278327115922,-1
8.436063176539587,9.54742373959094,1
0.45472096469291845,6.012636566574488,-1
3.3870700064839188,0.4830875434764159,-1
5.654752367860768,4.743348645406062,1
8.077637179240671,1.2307511514268143,-1
6.680282261313133,1.5078650249378323,-1
0.6224595369686514,0.5410704569809766,-1
2.9279784189641433,8.909125163445651,1
8.63315121285095,0.8392676359950735,-1
3.595335935490022,3.2889400350063527,-1
3.506748992969441,6.8981002793547574,1
2.390087326569015,9.548949184428322,1
3.040145665633429,6.008998576587398,-1
7.127104787407513,2.894842565711931,1
2.282121716540464,5.58302287540948,-1
1.6264836285938333,8.483717337158819,1
9.71126421718297,9.814783455328385,1
8.546565003608166,4.041197891450713,1
8.733658655676898,8.128509308907942,1
5.078685400814257,0.7258813432741895,-1
6.808059267596979,9.753550238913594,1
1.9884963581201942,0.39578764645161746,-1
9.880656995728712,2.75240142879536,1
3.334505000239818,0.6259929594348801,-1
7.483921419883171,9.605668777229424,1
8.26533164045403,7.417106782195643,1
7.95403967744802,0.22758883781049621,-1
0.7974162658284667,9.968620526574826,1
7.548287708720988,5.138059982521417,1
0.8324344939558859,6.259996596707795,-1
8.466451629045281,2.173868447648167,1
4.392268277504595,5.937607249430251,1
8.939840159971595,7.973254978959438,1
8.206237845244974,2.4406372882841296,1
2.0124759644544286,5.015358234788492,-1
1.6612600916222597,1.7360562489068176,-1
0.4557560809122507,4.4004960001534075,-1
0.3352117273867061,0.13975021081687133,-1
4.933992385856393,6.539857309164734,1
3.9920140744506547,7.266790670798641,1
3.6995766569396094,5.131803571734879,-1
7.826026992384354,6.156873858869631,1
7.519559840016808,4.057653337780219,1
6.895818241440273,6.184609127065379,1
1.8876414971914024,1.255776938955766,-1
2.8701953015395123,6.0526092789895705,-1
2.974732044921012,0.9782107610127899,-1
2.376663315780875,9.714742782280439,1
0.7535793553322434,9.555054960810935,1
5.3087758386324175,6.1966781692445725,1
5.895813140774161,1.0529213604595355,-1
6.083382740147502,6.609093291812709,1
9.211995721835676,6.228392580258076,1
5.242741848491778,0.9780004937296161,-1
8.618084730884577,2.7620800617841867,1
1.8905332199858293,7.8941308526367395,-1
7.155559701707617,4.67759062536805,1
1.8378986445852319,4.11083453565444,-1
6.111437705476851,7.470278170244578,1
5.067622482332792,6.608561690336163,1
3.918631741240749,9.65255030636561,1
2.455198633541691,3.7106894065754403,-1
1.5469529475927724,6.890279547562132,-1
7.208793314635834,6.739074625488634,1
9.097759134560935,1.1083203843098388,1
8.247691104647654,7.152989451956698,1
7.068786450486389,4.007993974943528,1
4.742616619421316,3.60290506130582,-1
5.200261817663795,8.43855099729485,1
2.346138723751392,8.918581406614198,1
9.276608254349263,5.580851197601799,1
4.213820536875369,1.6918705362480435,-1
2.2769963924700773,4.266325568321482,-1
3.3727834314695224,3.1659406020435013,-1
5.155248819098418,7.433608929860029,1
8.36472736511628,9.519483496931791,1
3.288253842974238,0.8873409876391558,-1
5.2981984355236245,4.489951608108532,-1
2.116957388717516,0.8618631628644668,-1
7.581192795707855,6.246826596577687,1
7.003101572557978,8.206794230860632,1
4.742585686219474,8.340755450583837,1
6.21638907318375,6.332455741904532,1
9.379375118350037,8.59077522625325,1
0.4719223815203777,3.7077086918149025,-1
8.064466601882957,0.36890800519053357,-1
6.597755798088284,7.696638575740171,1
7.899576411059637,8.37846248780463,1
3.939232530870486,5.573388047065462,-1
2.315288282861725,2.860796499329199,-1
3.9774221069216575,7.6691456779051945,1
5.796486348699959,5.638754917638216,1
1.6336970418829067,0.28279550101915296,-1
7.9677334029106,7.055331122653504,1
6.501273732877991,1.5440603027156097,-1
9.381876132272655,2.784313765808133,1
7.4923303416134885,7.555665544279338,1
4.211667271432762,4.328970602392374,-1
4.247648260412849,5.731850999390204,-1
1.663450933266949,1.7423536192129119,-1
6.136994693201872,6.181360501665772,1
6.405696568176352,1.6289947746523503,-1
8.690621964827784,6.982789705789287,1
7.2178525438116425,5.448210855964342,1
4.316254766243103,5.148410067109052,-1
1.385623366270693,6.775860581211352,-1
2.764578266484582,8.82945689638401,1
1.1054246848965288,2.0277973883821088,-1
2.6009771732613,1.3890768580630408,-1
3.748323606876862,6.031154344094128,-1
9.647466656617947,0.15844855754000853,-1
7.157185096078339,3.105770969699715,1
9.260137658632624,6.778431563611099,1
4.886440630738597,8.964505061257968,1
7.369657590265934,8.751366617177032,1
2.277034556079396,5.667471297138976,-1
5.080336274004602,7.434387103970303,1
6.375579268916863,7.748440293322431,1
3.5565011469168493,9.622406161041624,1
5.286388885418276,4.230021511793081,-1
8.39495722408278,3.8166980400393946,1
6.142371640000162,4.248770141187672,1
9.24211952085582,7.584644698736679,1
5.280917694481482,6.695057532989834,1
7.3999403572690525,5.87247384663791,1
3.3609794610744723,4.549760241937167,-1
3.802396038710457,6.332138889451709,1
1.374424147382457,2.880410631797783,-1
2.3016219811169183,8.891066676730365,1
3.724258557600393,3.751873635206069,-1
0.8327008223074062,3.069979311161055,-1
4.214691160990905,9.383923678278922,1
0.11551133180260575,6.933307157163404,-1
5.3101031547138975,7.885666151169989,1
0.5880574294879304,7.241619105304577,-1
4.991069354659655,5.40343660184032,1
9.842562839526632,6.054551235185265,1
9.74359072671502,1.4546311601045914,1
5.539813091210496,0.8140264231408345,-1
9.819320371005503,3.672179204138395,1
6.901261941172248,1.0534412164694862,-1
0.43178259007093267,0.3456527245350993,-1
3.703014757398979,0.9357757698520208,-1
9.576149132651196,7.550227633583861,1
0.6315926833829411,1.6967279602253404,-1
2.1069690139171513,8.885798531945262,1
7.499851267643297,9.207396602073217,1
0.10597016626985423,1.0621866976461314,-1
7.96711472787543,0.10057308821662447,-1
9.417655899725588,0.5348576459205445,-1
0.20818406621019192,7.214957115269981,-1
6.085808598131733,5.120672545593148,1
9.041213559422314,4.757983360713437,1
8.470182545161292,0.4339598977950987,-1
9.71409039363669,8.481982064894465,1
3.658494866099753,0.6966827766849826,-1
4.3734549055198855,1.2223225933828474,-1
5.685100824797603,1.8109060014271694,-1
9.9988262211917,1.085252507742387,1
0.719343546431449,9.453502372242315,1
6.749247375364228,9.372608658993968,1
8.7338751777525,7.254913645479446,1
0.49401294224787007,2.6694948711527022,-1
4.91821578522824,1.7647581493931452,-1
4.93351033673608,5.828313067732479,1
1.1647828652809544,0.9424155707062065,-1
9.010879914139892,6.379904388088953,1
5.661932441166511,1.768025213164971,-1
0.34808822047867505,4.916799508281678,-1
0.4301852426310371,7.103446035101979,-1
7.048914612037275,7.24274822404884,1
8.538104197664083,5.633588585552324,1
6.190519474055774,6.737813175802604,1
3.8085278783428347,9.00445294465222,1
